2992,658,322.58,386.08,592,368.3,NA,NA,NA,NA,NA,NA,NA,1.80717E+11,proximity,180717,170154,7/18/2017 17:01
2993,665,325.12,388.62,595,370.84,6.2,551,547,540,546,6.8,NA,1.80717E+11,proximity,180717,170155,7/18/2017 17:01
2994,668,332.74,388.62,604,370.84,NA,NA,NA,NA,NA,NA,NA,1.80717E+11,proximity,180717,170155,7/18/2017 17:01
2995,653,320.04,386.08,620,368.3,NA,NA,NA,NA,NA,NA,NA,1.80717E+11,proximity,180717,170155,7/18/2017 17:01
2996,749,320.04,386.08,650,370.84,NA,NA,NA,NA,NA,NA,NA,1.80717E+11,proximity,180717,170155,7/18/2017 17:01
2997,719,322.58,386.08,607,368.3,6.2,552,523,544,544,6.8,NA,1.80717E+11,proximity,180717,170156,7/18/2017 17:01
2998,721,327.66,388.62,634,373.38,NA,NA,NA,NA,NA,NA,NA,1.80717E+11,proximity,180717,170156,7/18/2017 17:01
2999,719,574.04,388.62,143,370.84,NA,NA,NA,NA,NA,NA,NA,1.80717E+11,proximity,180717,170156,7/18/2017 17:01
3000,682,558.8,388.62,666,370.84,NA,NA,NA,NA,NA,NA,NA,1.80717E+11,proximity,180717,170156,7/18/2017 17:01
3001,663,327.66,388.62,645,370.84,6.2,557,545,537,545,6.9,NA,1.80717E+11,proximity,180717,170157,7/18/2017 17:01
3002,662,571.5,388.62,136,370.84,NA,NA,NA,NA,NA,NA,NA,1.80717E+11,proximity,180717,170157,7/18/2017 17:01
3003,672,538.48,388.62,136,368.3,NA,NA,NA,NA,NA,NA,NA,1.80717E+11,proximity,180717,170157,7/18/2017 17:01
3004,137,525.78,386.08,633,368.3,NA,NA,NA,NA,NA,NA,NA,1.80717E+11,proximity,180717,170157,7/18/2017 17:01
3005,725,154.94,386.08,617,370.84,6.2,547,545,539,547,6.9,NA,1.80717E+11,proximity,180717,170158,7/18/2017 17:01
3006,653,325.12,388.62,608,370.84,NA,NA,NA,NA,NA,NA,NA,1.80717E+11,proximity,180717,170158,7/18/2017 17:01
3007,661,325.12,386.08,585,368.3,NA,NA,NA,NA,NA,NA,NA,1.80717E+11,proximity,180717,170158,7/18/2017 17:01
3008,653,391.16,386.08,151,370.84,NA,NA,NA,NA,NA,NA,NA,1.80717E+11,proximity,180717,170159,7/18/2017 17:01
3009,980,579.12,388.62,147,370.84,6.2,559,546,531,548,6.9,NA,1.80717E+11,proximity,180717,170159,7/18/2017 17:01
3010,1,556.26,388.62,246,373.38,NA,NA,NA,NA,NA,NA,NA,1.80717E+11,proximity,180717,170159,7/18/2017 17:01
3011,925,541.02,391.16,137,370.84,NA,NA,NA,NA,NA,NA,NA,1.80717E+11,proximity,180717,170200,7/18/2017 17:02
3012,940,530.86,388.62,149,370.84,NA,NA,NA,NA,NA,NA,NA,1.80717E+11,proximity,180717,170200,7/18/2017 17:02
3013,991,525.78,386.08,1,368.3,6.2,557,544,532,544,6.9,NA,1.80717E+11,proximity,180717,170200,7/18/2017 17:02
3014,1051,518.16,388.62,1,370.84,NA,NA,NA,NA,NA,NA,NA,1.80717E+11,proximity,180717,170200,7/18/2017 17:02
3015,738,551.18,388.62,1641,370.84,NA,NA,NA,NA,NA,NA,NA,1.80717E+11,proximity,180717,170201,7/18/2017 17:02
3016,648,551.18,388.62,1,370.84,NA,NA,NA,NA,NA,NA,NA,1.80717E+11,proximity,180717,170201,7/18/2017 17:02
3017,962,548.64,386.08,1590,368.3,6.2,554,546,534,545,6.9,NA,1.80717E+11,proximity,180717,170201,7/18/2017 17:02
3018,673,553.72,388.62,1,370.84,NA,NA,NA,NA,NA,NA,NA,1.80717E+11,proximity,180717,170202,7/18/2017 17:02
3019,679,561.34,388.62,1,370.84,NA,NA,NA,NA,NA,NA,NA,1.80717E+11,proximity,180717,170202,7/18/2017 17:02
3020,684,581.66,388.62,1,368.3,NA,NA,NA,NA,NA,NA,NA,1.80717E+11,proximity,180717,170202,7/18/2017 17:02
3021,680,586.74,388.62,1490,370.84,6.3,560,544,539,545,7,NA,1.80717E+11,proximity,180717,170202,7/18/2017 17:02
3022,670,566.42,388.62,1487,370.84,NA,NA,NA,NA,NA,NA,NA,1.80717E+11,proximity,180717,170203,7/18/2017 17:02
3023,649,548.64,388.62,1342,370.84,NA,NA,NA,NA,NA,NA,NA,1.80717E+11,proximity,180717,170203,7/18/2017 17:02
3024,643,561.34,388.62,1390,370.84,NA,NA,NA,NA,NA,NA,NA,1.80717E+11,proximity,180717,170203,7/18/2017 17:02
3025,637,574.04,388.62,1516,370.84,6.2,560,544,539,545,6.9,NA,1.80717E+11,proximity,180717,170204,7/18/2017 17:02
3026,638,568.96,391.16,212,373.38,NA,NA,NA,NA,NA,NA,NA,1.80717E+11,proximity,180717,170204,7/18/2017 17:02
3027,853,563.88,388.62,1,370.84,NA,NA,NA,NA,NA,NA,NA,1.80717E+11,proximity,180717,170204,7/18/2017 17:02
3028,1,607.06,388.62,1489,370.84,NA,NA,NA,NA,NA,NA,NA,1.80717E+11,proximity,180717,170204,7/18/2017 17:02
3029,1,581.66,386.08,1355,368.3,6.2,563,542,532,545,6.9,NA,1.80717E+11,proximity,180717,170205,7/18/2017 17:02
3030,1250,589.28,388.62,1398,370.84,NA,NA,NA,NA,NA,NA,NA,1.80717E+11,proximity,180717,170205,7/18/2017 17:02
3031,757,584.2,388.62,1518,370.84,NA,NA,NA,NA,NA,NA,NA,1.80717E+11,proximity,180717,170205,7/18/2017 17:02
3032,945,574.04,388.62,869,370.84,NA,NA,NA,NA,NA,NA,NA,1.80717E+11,proximity,180717,170206,7/18/2017 17:02
3033,928,579.12,388.62,648,370.84,6.2,559,541,539,542,6.9,NA,1.80717E+11,proximity,180717,170206,7/18/2017 17:02
3034,713,576.58,386.08,1551,370.84,NA,NA,NA,NA,NA,NA,NA,1.80717E+11,proximity,180717,170206,7/18/2017 17:02
3035,922,574.04,388.62,1550,370.84,NA,NA,NA,NA,NA,NA,NA,1.80717E+11,proximity,180717,170206,7/18/2017 17:02
3036,1,584.2,388.62,1520,370.84,NA,NA,NA,NA,NA,NA,NA,1.80717E+11,proximity,180717,170207,7/18/2017 17:02
3037,1,607.06,388.62,141,370.84,6.2,560,545,533,547,6.8,NA,1.80717E+11,proximity,180717,170207,7/18/2017 17:02
3038,1,594.36,388.62,134,370.84,NA,NA,NA,NA,NA,NA,NA,1.80717E+11,proximity,180717,170207,7/18/2017 17:02
3039,838,568.96,388.62,1484,370.84,NA,NA,NA,NA,NA,NA,NA,1.80717E+11,proximity,180717,170207,7/18/2017 17:02
3040,783,622.3,388.62,1428,370.84,NA,NA,NA,NA,NA,NA,NA,1.80717E+11,proximity,180717,170208,7/18/2017 17:02
3041,702,584.2,388.62,1,370.84,6.2,557,544,538,543,6.8,NA,1.80717E+11,proximity,180717,170208,7/18/2017 17:02
3042,697,568.96,388.62,1,373.38,NA,NA,NA,NA,NA,NA,NA,1.80717E+11,proximity,180717,170208,7/18/2017 17:02
3043,705,563.88,388.62,1,370.84,NA,NA,NA,NA,NA,NA,NA,1.80717E+11,proximity,180717,170209,7/18/2017 17:02
3044,674,609.6,388.62,1,368.3,NA,NA,NA,NA,NA,NA,NA,1.80717E+11,proximity,180717,170209,7/18/2017 17:02
3045,775,591.82,386.08,1,370.84,6.2,563,544,536,547,6.8,NA,1.80717E+11,proximity,180717,170209,7/18/2017 17:02
3046,1030,571.5,388.62,1,370.84,NA,NA,NA,NA,NA,NA,NA,1.80717E+11,proximity,180717,170210,7/18/2017 17:02
3047,912,556.26,388.62,1,370.84,NA,NA,NA,NA,NA,NA,NA,1.80717E+11,proximity,180717,170210,7/18/2017 17:02
3048,653,558.8,388.62,1,370.84,NA,NA,NA,NA,NA,NA,NA,1.80717E+11,proximity,180717,170210,7/18/2017 17:02
3049,670,563.88,386.08,1,368.3,6.2,559,546,535,547,6.8,NA,1.80717E+11,proximity,180717,170210,7/18/2017 17:02
3050,675,591.82,391.16,1,373.38,NA,NA,NA,NA,NA,NA,NA,1.80717E+11,proximity,180717,170211,7/18/2017 17:02
3051,684,327.66,386.08,313,370.84,NA,NA,NA,NA,NA,NA,NA,1.80717E+11,proximity,180717,170211,7/18/2017 17:02
3052,677,330.2,391.16,1419,373.38,NA,NA,NA,NA,NA,NA,NA,1.80717E+11,proximity,180717,170211,7/18/2017 17:02
3053,680,601.98,391.16,843,381,6.2,560,546,540,545,6.8,NA,1.80717E+11,proximity,180717,170212,7/18/2017 17:02
3054,669,340.36,391.16,789,401.32,NA,NA,NA,NA,NA,NA,NA,1.80717E+11,proximity,180717,170212,7/18/2017 17:02
3055,1039,340.36,391.16,1257,406.4,NA,NA,NA,NA,NA,NA,NA,1.80717E+11,proximity,180717,170212,7/18/2017 17:02
3056,985,347.98,391.16,1416,403.86,NA,NA,NA,NA,NA,NA,NA,1.80717E+11,proximity,180717,170212,7/18/2017 17:02
3057,737,335.28,388.62,570,396.24,6.2,557,545,537,546,6.9,NA,1.80717E+11,proximity,180717,170212,7/18/2017 17:02
3058,679,335.28,391.16,1268,391.16,NA,NA,NA,NA,NA,NA,NA,1.80717E+11,proximity,180717,170213,7/18/2017 17:02
3059,676,345.44,391.16,597,419.1,NA,NA,NA,NA,NA,NA,NA,1.80717E+11,proximity,180717,170213,7/18/2017 17:02
3060,690,342.9,388.62,1304,408.94,NA,NA,NA,NA,NA,NA,NA,1.80717E+11,proximity,180717,170213,7/18/2017 17:02
3061,674,345.44,391.16,127,421.64,6.2,560,538,548,541,6.9,NA,1.80717E+11,proximity,180717,170214,7/18/2017 17:02
3062,661,340.36,388.62,127,398.78,NA,NA,NA,NA,NA,NA,NA,1.80717E+11,proximity,180717,170214,7/18/2017 17:02
3063,888,330.2,388.62,1408,381,NA,NA,NA,NA,NA,NA,NA,1.80717E+11,proximity,180717,170214,7/18/2017 17:02
3064,709,342.9,391.16,1326,401.32,NA,NA,NA,NA,NA,NA,NA,1.80717E+11,proximity,180717,170215,7/18/2017 17:02
3065,711,335.28,391.16,1305,393.7,6.2,558,544,532,542,6.9,NA,1.80717E+11,proximity,180717,170215,7/18/2017 17:02
3066,206,345.44,391.16,1,388.62,NA,NA,NA,NA,NA,NA,NA,1.80717E+11,proximity,180717,170215,7/18/2017 17:02
3067,713,337.82,393.7,1031,408.94,NA,NA,NA,NA,NA,NA,NA,1.80717E+11,proximity,180717,170216,7/18/2017 17:02
3068,692,297.18,388.62,608,393.7,NA,NA,NA,NA,NA,NA,NA,1.80717E+11,proximity,180717,170216,7/18/2017 17:02
3069,699,304.8,391.16,527,393.7,6.2,558,541,541,542,6.9,NA,1.80717E+11,proximity,180717,170216,7/18/2017 17:02
3070,507,335.28,391.16,533,388.62,NA,NA,NA,NA,NA,NA,NA,1.80717E+11,proximity,180717,170216,7/18/2017 17:02
3071,970,314.96,391.16,996,444.5,NA,NA,NA,NA,NA,NA,NA,1.80717E+11,proximity,180717,170217,7/18/2017 17:02
3072,700,330.2,388.62,1,375.92,NA,NA,NA,NA,NA,NA,NA,1.80717E+11,proximity,180717,170217,7/18/2017 17:02
3073,702,322.58,388.62,529,370.84,6.3,553,545,547,548,7,NA,1.80717E+11,proximity,180717,170217,7/18/2017 17:02
3074,704,330.2,391.16,1,373.38,NA,NA,NA,NA,NA,NA,NA,1.80717E+11,proximity,180717,170217,7/18/2017 17:02
3075,701,327.66,386.08,1189,370.84,NA,NA,NA,NA,NA,NA,NA,1.80717E+11,proximity,180717,170218,7/18/2017 17:02
3076,698,325.12,386.08,734,370.84,NA,NA,NA,NA,NA,NA,NA,1.80717E+11,proximity,180717,170218,7/18/2017 17:02
3077,736,330.2,388.62,675,370.84,6.3,556,547,533,546,7,NA,1.80717E+11,proximity,180717,170218,7/18/2017 17:02
3078,699,309.88,388.62,632,373.38,NA,NA,NA,NA,NA,NA,NA,1.80717E+11,proximity,180717,170219,7/18/2017 17:02
3079,193,317.5,386.08,682,370.84,NA,NA,NA,NA,NA,NA,NA,1.80717E+11,proximity,180717,170219,7/18/2017 17:02
3080,679,325.12,386.08,666,370.84,NA,NA,NA,NA,NA,NA,NA,1.80717E+11,proximity,180717,170219,7/18/2017 17:02
3081,686,320.04,388.62,569,370.84,6.3,556,544,543,543,7,NA,1.80717E+11,proximity,180717,170219,7/18/2017 17:02
3082,685,322.58,388.62,553,370.84,NA,NA,NA,NA,NA,NA,NA,1.80717E+11,proximity,180717,170220,7/18/2017 17:02
3083,1,322.58,388.62,784,373.38,NA,NA,NA,NA,NA,NA,NA,1.80717E+11,proximity,180717,170220,7/18/2017 17:02
3084,685,327.66,388.62,781,373.38,NA,NA,NA,NA,NA,NA,NA,1.80717E+11,proximity,180717,170220,7/18/2017 17:02
3085,522,325.12,391.16,532,373.38,6.3,547,544,548,545,7,NA,1.80717E+11,proximity,180717,170221,7/18/2017 17:02
3086,718,322.58,391.16,550,375.92,NA,NA,NA,NA,NA,NA,NA,1.80717E+11,proximity,180717,170221,7/18/2017 17:02
3087,730,327.66,388.62,544,370.84,NA,NA,NA,NA,NA,NA,NA,1.80717E+11,proximity,180717,170221,7/18/2017 17:02
3088,740,309.88,386.08,570,370.84,NA,NA,NA,NA,NA,NA,NA,1.80717E+11,proximity,180717,170221,7/18/2017 17:02
3089,780,322.58,388.62,477,370.84,6.3,556,540,541,541,7,NA,1.80717E+11,proximity,180717,170222,7/18/2017 17:02
3090,786,327.66,388.62,503,370.84,NA,NA,NA,NA,NA,NA,NA,1.80717E+11,proximity,180717,170222,7/18/2017 17:02
3091,847,325.12,386.08,1,370.84,NA,NA,NA,NA,NA,NA,NA,1.80717E+11,proximity,180717,170222,7/18/2017 17:02
3092,163,327.66,388.62,618,370.84,NA,NA,NA,NA,NA,NA,NA,1.80717E+11,proximity,180717,170222,7/18/2017 17:02
3093,742,218.44,386.08,597,370.84,6.3,556,551,538,550,6.9,NA,1.80717E+11,proximity,180717,170223,7/18/2017 17:02
3094,731,327.66,388.62,572,373.38,NA,NA,NA,NA,NA,NA,NA,1.80717E+11,proximity,180717,170223,7/18/2017 17:02
3095,723,327.66,388.62,488,370.84,NA,NA,NA,NA,NA,NA,NA,1.80717E+11,proximity,180717,170223,7/18/2017 17:02
3096,726,325.12,391.16,538,373.38,NA,NA,NA,NA,NA,NA,NA,1.80717E+11,proximity,180717,170224,7/18/2017 17:02
3097,714,325.12,388.62,545,370.84,6.2,561,541,539,541,6.8,NA,1.80717E+11,proximity,180717,170224,7/18/2017 17:02
3098,714,312.42,388.62,526,370.84,NA,NA,NA,NA,NA,NA,NA,1.80717E+11,proximity,180717,170224,7/18/2017 17:02
3099,1,320.04,388.62,994,370.84,NA,NA,NA,NA,NA,NA,NA,1.80717E+11,proximity,180717,170225,7/18/2017 17:02
3100,700,325.12,386.08,1423,368.3,NA,NA,NA,NA,NA,NA,NA,1.80717E+11,proximity,180717,170225,7/18/2017 17:02
3101,691,317.5,388.62,1,370.84,6.2,563,540,541,542,6.8,NA,1.80717E+11,proximity,180717,170225,7/18/2017 17:02
3102,714,327.66,388.62,1,373.38,NA,NA,NA,NA,NA,NA,NA,1.80717E+11,proximity,180717,170225,7/18/2017 17:02
3103,715,322.58,386.08,1,368.3,NA,NA,NA,NA,NA,NA,NA,1.80717E+11,proximity,180717,170226,7/18/2017 17:02
3104,711,327.66,386.08,1700,370.84,NA,NA,NA,NA,NA,NA,NA,1.80717E+11,proximity,180717,170226,7/18/2017 17:02
3105,683,327.66,388.62,1,370.84,6.1,562,543,540,544,6.7,NA,1.80717E+11,proximity,180717,170226,7/18/2017 17:02
3106,650,330.2,388.62,698,373.38,NA,NA,NA,NA,NA,NA,NA,1.80717E+11,proximity,180717,170227,7/18/2017 17:02
3107,1,322.58,386.08,1,370.84,NA,NA,NA,NA,NA,NA,NA,1.80717E+11,proximity,180717,170227,7/18/2017 17:02
3108,1,322.58,386.08,1507,370.84,NA,NA,NA,NA,NA,NA,NA,1.80717E+11,proximity,180717,170227,7/18/2017 17:02
3109,779,327.66,386.08,1268,368.3,6.1,563,542,540,542,6.7,NA,1.80717E+11,proximity,180717,170227,7/18/2017 17:02
3110,726,320.04,388.62,1406,370.84,NA,NA,NA,NA,NA,NA,NA,1.80717E+11,proximity,180717,170228,7/18/2017 17:02
3111,670,497.84,386.08,1503,370.84,NA,NA,NA,NA,NA,NA,NA,1.80717E+11,proximity,180717,170228,7/18/2017 17:02
3112,687,551.18,388.62,1,370.84,NA,NA,NA,NA,NA,NA,NA,1.80717E+11,proximity,180717,170228,7/18/2017 17:02
3113,671,474.98,388.62,1345,370.84,6.1,563,544,531,544,6.7,NA,1.80717E+11,proximity,180717,170229,7/18/2017 17:02
3114,669,541.02,388.62,1345,370.84,NA,NA,NA,NA,NA,NA,NA,1.80717E+11,proximity,180717,170229,7/18/2017 17:02
3115,1,543.56,391.16,786,373.38,NA,NA,NA,NA,NA,NA,NA,1.80717E+11,proximity,180717,170229,7/18/2017 17:02
3116,662,574.04,391.16,358,373.38,NA,NA,NA,NA,NA,NA,NA,1.80717E+11,proximity,180717,170229,7/18/2017 17:02
3117,656,541.02,388.62,804,370.84,6,569,538,541,538,6.6,NA,1.80717E+11,proximity,180717,170230,7/18/2017 17:02
3118,701,568.96,386.08,659,370.84,NA,NA,NA,NA,NA,NA,NA,1.80717E+11,proximity,180717,170230,7/18/2017 17:02
3119,854,561.34,388.62,1123,370.84,NA,NA,NA,NA,NA,NA,NA,1.80717E+11,proximity,180717,170230,7/18/2017 17:02
3120,675,586.74,388.62,1,370.84,NA,NA,NA,NA,NA,NA,NA,1.80717E+11,proximity,180717,170231,7/18/2017 17:02
3121,1,558.8,386.08,1254,368.3,6,569,539,531,539,6.6,NA,1.80717E+11,proximity,180717,170231,7/18/2017 17:02
3122,952,574.04,388.62,354,370.84,NA,NA,NA,NA,NA,NA,NA,1.80717E+11,proximity,180717,170231,7/18/2017 17:02
3123,636,533.4,388.62,783,370.84,NA,NA,NA,NA,NA,NA,NA,1.80717E+11,proximity,180717,170231,7/18/2017 17:02
3124,605,546.1,386.08,702,370.84,NA,NA,NA,NA,NA,NA,NA,1.80717E+11,proximity,180717,170232,7/18/2017 17:02
3125,645,543.56,388.62,674,370.84,6,566,541,528,543,6.6,NA,1.80717E+11,proximity,180717,170232,7/18/2017 17:02
3126,611,556.26,388.62,1,373.38,NA,NA,NA,NA,NA,NA,NA,1.80717E+11,proximity,180717,170232,7/18/2017 17:02
3127,954,556.26,388.62,676,370.84,NA,NA,NA,NA,NA,NA,NA,1.80717E+11,proximity,180717,170232,7/18/2017 17:02
3128,654,546.1,388.62,372,370.84,NA,NA,NA,NA,NA,NA,NA,1.80717E+11,proximity,180717,170233,7/18/2017 17:02
3129,631,579.12,386.08,739,368.3,6,558,541,535,540,6.6,NA,1.80717E+11,proximity,180717,170233,7/18/2017 17:02
3130,629,571.5,388.62,720,370.84,NA,NA,NA,NA,NA,NA,NA,1.80717E+11,proximity,180717,170233,7/18/2017 17:02
3131,632,330.2,391.16,1,373.38,NA,NA,NA,NA,NA,NA,NA,1.80717E+11,proximity,180717,170234,7/18/2017 17:02
3132,632,327.66,386.08,1241,370.84,NA,NA,NA,NA,NA,NA,NA,1.80717E+11,proximity,180717,170234,7/18/2017 17:02
3133,945,327.66,386.08,1505,370.84,6,547,542,533,544,6.6,NA,1.80717E+11,proximity,180717,170234,7/18/2017 17:02
3134,849,330.2,391.16,1,373.38,NA,NA,NA,NA,NA,NA,NA,1.80717E+11,proximity,180717,170235,7/18/2017 17:02
3135,728,541.02,388.62,158,370.84,NA,NA,NA,NA,NA,NA,NA,1.80717E+11,proximity,180717,170235,7/18/2017 17:02
3136,724,327.66,388.62,1060,370.84,NA,NA,NA,NA,NA,NA,NA,1.80717E+11,proximity,180717,170235,7/18/2017 17:02
3137,729,330.2,388.62,1,370.84,6,539,551,536,551,6.6,NA,1.80717E+11,proximity,180717,170235,7/18/2017 17:02
3138,782,330.2,388.62,929,370.84,NA,NA,NA,NA,NA,NA,NA,1.80717E+11,proximity,180717,170236,7/18/2017 17:02
3139,652,574.04,386.08,357,370.84,NA,NA,NA,NA,NA,NA,NA,1.80717E+11,proximity,180717,170236,7/18/2017 17:02
3140,638,327.66,388.62,758,370.84,NA,NA,NA,NA,NA,NA,NA,1.80717E+11,proximity,180717,170236,7/18/2017 17:02
3141,693,474.98,391.16,1316,373.38,6.1,543,554,535,555,6.7,NA,1.80717E+11,proximity,180717,170236,7/18/2017 17:02
3142,639,332.74,388.62,1,370.84,NA,NA,NA,NA,NA,NA,NA,1.80717E+11,proximity,180717,170237,7/18/2017 17:02
3143,639,330.2,388.62,1,370.84,NA,NA,NA,NA,NA,NA,NA,1.80717E+11,proximity,180717,170237,7/18/2017 17:02
3144,1,330.2,388.62,1309,370.84,NA,NA,NA,NA,NA,NA,NA,1.80717E+11,proximity,180717,170237,7/18/2017 17:02
3145,1,330.2,388.62,1553,368.3,6.1,549,539,530,543,6.7,NA,1.80717E+11,proximity,180717,170237,7/18/2017 17:02
3146,1,330.2,386.08,1368,370.84,NA,NA,NA,NA,NA,NA,NA,1.80717E+11,proximity,180717,170238,7/18/2017 17:02
3147,650,508,388.62,1,373.38,NA,NA,NA,NA,NA,NA,NA,1.80717E+11,proximity,180717,170238,7/18/2017 17:02
3148,615,520.7,388.62,1,370.84,NA,NA,NA,NA,NA,NA,NA,1.80717E+11,proximity,180717,170238,7/18/2017 17:02
3149,610,520.7,388.62,1,370.84,6.2,559,551,536,542,6.8,NA,1.80717E+11,proximity,180717,170239,7/18/2017 17:02
3150,625,289.56,388.62,429,375.92,NA,NA,NA,NA,NA,NA,NA,1.80717E+11,proximity,180717,170239,7/18/2017 17:02
3151,592,556.26,386.08,1376,370.84,NA,NA,NA,NA,NA,NA,NA,1.80717E+11,proximity,180717,170239,7/18/2017 17:02
3152,595,523.24,393.7,1359,378.46,NA,NA,NA,NA,NA,NA,NA,1.80717E+11,proximity,180717,170240,7/18/2017 17:02
3153,876,508,388.62,1,370.84,6.2,563,540,533,542,6.8,NA,1.80717E+11,proximity,180717,170240,7/18/2017 17:02
3154,576,518.16,391.16,828,665.48,NA,NA,NA,NA,NA,NA,NA,1.80717E+11,proximity,180717,170240,7/18/2017 17:02
3155,609,510.54,393.7,763,373.38,NA,NA,NA,NA,NA,NA,NA,1.80717E+11,proximity,180717,170240,7/18/2017 17:02
3156,605,515.62,388.62,168,370.84,NA,NA,NA,NA,NA,NA,NA,1.80717E+11,proximity,180717,170241,7/18/2017 17:02
3157,609,327.66,388.62,342,373.38,6.1,565,538,547,539,6.7,NA,1.80717E+11,proximity,180717,170241,7/18/2017 17:02
3158,618,508,388.62,1494,370.84,NA,NA,NA,NA,NA,NA,NA,1.80717E+11,proximity,180717,170241,7/18/2017 17:02
3159,626,518.16,388.62,1,373.38,NA,NA,NA,NA,NA,NA,NA,1.80717E+11,proximity,180717,170241,7/18/2017 17:02
3160,640,520.7,388.62,709,370.84,NA,NA,NA,NA,NA,NA,NA,1.80717E+11,proximity,180717,170242,7/18/2017 17:02
3161,650,530.86,388.62,691,370.84,6.1,563,538,547,542,6.7,NA,1.80717E+11,proximity,180717,170242,7/18/2017 17:02
3162,658,589.28,388.62,693,373.38,NA,NA,NA,NA,NA,NA,NA,1.80717E+11,proximity,180717,170242,7/18/2017 17:02
3163,730,530.86,388.62,684,370.84,NA,NA,NA,NA,NA,NA,NA,1.80717E+11,proximity,180717,170242,7/18/2017 17:02
3164,693,553.72,388.62,1,368.3,NA,NA,NA,NA,NA,NA,NA,1.80717E+11,proximity,180717,170243,7/18/2017 17:02
3165,702,548.64,386.08,659,368.3,6,564,543,527,542,6.6,NA,1.80717E+11,proximity,180717,170243,7/18/2017 17:02
3166,719,543.56,388.62,498,370.84,NA,NA,NA,NA,NA,NA,NA,1.80717E+11,proximity,180717,170243,7/18/2017 17:02
3167,712,398.78,386.08,514,370.84,NA,NA,NA,NA,NA,NA,NA,1.80717E+11,proximity,180717,170244,7/18/2017 17:02
3168,720,604.52,388.62,1,370.84,NA,NA,NA,NA,NA,NA,NA,1.80717E+11,proximity,180717,170244,7/18/2017 17:02
3169,712,543.56,391.16,1259,373.38,6,547,551,532,550,6.6,NA,1.80717E+11,proximity,180717,170244,7/18/2017 17:02
3170,714,520.7,391.16,1,373.38,NA,NA,NA,NA,NA,NA,NA,1.80717E+11,proximity,180717,170245,7/18/2017 17:02
3171,716,345.44,388.62,644,368.3,NA,NA,NA,NA,NA,NA,NA,1.80717E+11,proximity,180717,170245,7/18/2017 17:02
3172,713,327.66,388.62,640,370.84,NA,NA,NA,NA,NA,NA,NA,1.80717E+11,proximity,180717,170245,7/18/2017 17:02
3173,953,436.88,388.62,646,370.84,5.9,545,557,540,553,6.5,NA,1.80717E+11,proximity,180717,170245,7/18/2017 17:02
3174,916,553.72,388.62,625,373.38,NA,NA,NA,NA,NA,NA,NA,1.80717E+11,proximity,180717,170246,7/18/2017 17:02
3175,766,584.2,388.62,450,370.84,NA,NA,NA,NA,NA,NA,NA,1.80717E+11,proximity,180717,170246,7/18/2017 17:02
3176,766,556.26,388.62,453,370.84,NA,NA,NA,NA,NA,NA,NA,1.80717E+11,proximity,180717,170246,7/18/2017 17:02
3177,758,609.6,388.62,491,370.84,5.9,548,552,533,550,6.5,NA,1.80717E+11,proximity,180717,170247,7/18/2017 17:02
3178,765,614.68,388.62,744,370.84,NA,NA,NA,NA,NA,NA,NA,1.80717E+11,proximity,180717,170247,7/18/2017 17:02
3179,767,457.2,388.62,430,370.84,NA,NA,NA,NA,NA,NA,NA,1.80717E+11,proximity,180717,170247,7/18/2017 17:02
3180,773,574.04,388.62,608,370.84,NA,NA,NA,NA,NA,NA,NA,1.80717E+11,proximity,180717,170247,7/18/2017 17:02
3181,769,589.28,388.62,639,370.84,5.8,563,545,531,545,6.4,NA,1.80717E+11,proximity,180717,170248,7/18/2017 17:02
3182,780,581.66,388.62,636,373.38,NA,NA,NA,NA,NA,NA,NA,1.80717E+11,proximity,180717,170248,7/18/2017 17:02
3183,766,591.82,388.62,748,370.84,NA,NA,NA,NA,NA,NA,NA,1.80717E+11,proximity,180717,170248,7/18/2017 17:02
3184,775,472.44,391.16,676,373.38,NA,NA,NA,NA,NA,NA,NA,1.80717E+11,proximity,180717,170249,7/18/2017 17:02
3185,577,571.5,386.08,1,368.3,5.8,572,541,535,541,6.4,NA,1.80717E+11,proximity,180717,170249,7/18/2017 17:02
3186,560,561.34,391.16,1,373.38,NA,NA,NA,NA,NA,NA,NA,1.80717E+11,proximity,180717,170249,7/18/2017 17:02
3187,512,444.5,388.62,1,370.84,NA,NA,NA,NA,NA,NA,NA,1.80717E+11,proximity,180717,170249,7/18/2017 17:02
3188,507,457.2,388.62,1000,370.84,NA,NA,NA,NA,NA,NA,NA,1.80717E+11,proximity,180717,170250,7/18/2017 17:02
3189,488,492.76,391.16,1,370.84,6,563,546,539,546,6.6,NA,1.80717E+11,proximity,180717,170250,7/18/2017 17:02
3190,499,574.04,391.16,1,373.38,NA,NA,NA,NA,NA,NA,NA,1.80717E+11,proximity,180717,170250,7/18/2017 17:02
3191,465,454.66,388.62,1365,370.84,NA,NA,NA,NA,NA,NA,NA,1.80717E+11,proximity,180717,170251,7/18/2017 17:02
3192,369,515.62,388.62,1,370.84,NA,NA,NA,NA,NA,NA,NA,1.80717E+11,proximity,180717,170251,7/18/2017 17:02
3193,338,546.1,388.62,1,370.84,6,562,543,536,542,6.6,NA,1.80717E+11,proximity,180717,170251,7/18/2017 17:02
3194,328,530.86,388.62,1,373.38,NA,NA,NA,NA,NA,NA,NA,1.80717E+11,proximity,180717,170251,7/18/2017 17:02
3195,357,535.94,388.62,1,368.3,NA,NA,NA,NA,NA,NA,NA,1.80717E+11,proximity,180717,170252,7/18/2017 17:02
3196,385,218.44,386.08,2354,368.3,NA,NA,NA,NA,NA,NA,NA,1.80717E+11,proximity,180717,170252,7/18/2017 17:02
3197,443,325.12,388.62,1,368.3,6,558,511,534,545,6.6,NA,1.80717E+11,proximity,180717,170252,7/18/2017 17:02
3198,460,243.84,386.08,1,370.84,NA,NA,NA,NA,NA,NA,NA,1.80717E+11,proximity,180717,170252,7/18/2017 17:02
3199,504,248.92,388.62,1,370.84,NA,NA,NA,NA,NA,NA,NA,1.80717E+11,proximity,180717,170253,7/18/2017 17:02
3200,448,335.28,388.62,1,370.84,NA,NA,NA,NA,NA,NA,NA,1.80717E+11,proximity,180717,170253,7/18/2017 17:02
3201,470,335.28,388.62,1634,370.84,6,559,544,536,545,6.6,NA,1.80717E+11,proximity,180717,170253,7/18/2017 17:02
3202,520,238.76,388.62,1416,370.84,NA,NA,NA,NA,NA,NA,NA,1.80717E+11,proximity,180717,170254,7/18/2017 17:02
3203,606,332.74,388.62,656,370.84,NA,NA,NA,NA,NA,NA,NA,1.80717E+11,proximity,180717,170254,7/18/2017 17:02
3204,601,330.2,386.08,1,368.3,NA,NA,NA,NA,NA,NA,NA,1.80717E+11,proximity,180717,170254,7/18/2017 17:02
3205,601,535.94,388.62,1,370.84,6,550,545,541,544,6.6,NA,1.80717E+11,proximity,180717,170255,7/18/2017 17:02
3206,1,599.44,388.62,1,370.84,NA,NA,NA,NA,NA,NA,NA,1.80717E+11,proximity,180717,170255,7/18/2017 17:02
3207,1365,594.36,388.62,1,370.84,NA,NA,NA,NA,NA,NA,NA,1.80717E+11,proximity,180717,170255,7/18/2017 17:02
3208,1387,594.36,388.62,1,469.9,NA,NA,NA,NA,NA,NA,NA,1.80717E+11,proximity,180717,170255,7/18/2017 17:02
3209,1368,543.56,388.62,1,370.84,6,554,541,535,542,6.6,NA,1.80717E+11,proximity,180717,170256,7/18/2017 17:02
3210,1348,533.4,388.62,175,370.84,NA,NA,NA,NA,NA,NA,NA,1.80717E+11,proximity,180717,170256,7/18/2017 17:02
3211,582,556.26,388.62,1,370.84,NA,NA,NA,NA,NA,NA,NA,1.80717E+11,proximity,180717,170256,7/18/2017 17:02
3212,576,452.12,391.16,1,373.38,NA,NA,NA,NA,NA,NA,NA,1.80717E+11,proximity,180717,170257,7/18/2017 17:02
3213,570,515.62,388.62,884,370.84,6,557,539,544,539,6.6,NA,1.80717E+11,proximity,180717,170257,7/18/2017 17:02
3214,1342,434.34,386.08,1,368.3,NA,NA,NA,NA,NA,NA,NA,1.80717E+11,proximity,180717,170257,7/18/2017 17:02
3215,1137,508,386.08,139,370.84,NA,NA,NA,NA,NA,NA,NA,1.80717E+11,proximity,180717,170257,7/18/2017 17:02
3216,1336,502.92,386.08,1,370.84,NA,NA,NA,NA,NA,NA,NA,1.80717E+11,proximity,180717,170258,7/18/2017 17:02
3217,1189,505.46,388.62,1,370.84,6,555,540,533,541,6.6,NA,1.80717E+11,proximity,180717,170258,7/18/2017 17:02
3218,1320,530.86,388.62,1513,370.84,NA,NA,NA,NA,NA,NA,NA,1.80717E+11,proximity,180717,170258,7/18/2017 17:02
3219,1314,513.08,388.62,233,370.84,NA,NA,NA,NA,NA,NA,NA,1.80717E+11,proximity,180717,170259,7/18/2017 17:02
3220,1283,530.86,386.08,233,370.84,NA,NA,NA,NA,NA,NA,NA,1.80717E+11,proximity,180717,170259,7/18/2017 17:02
3221,1300,538.48,388.62,1,370.84,6,555,547,532,549,6.6,NA,1.80717E+11,proximity,180717,170259,7/18/2017 17:02
3222,1331,513.08,388.62,1,370.84,NA,NA,NA,NA,NA,NA,NA,1.80717E+11,proximity,180717,170259,7/18/2017 17:02
3223,1387,505.46,388.62,254,370.84,NA,NA,NA,NA,NA,NA,NA,1.80717E+11,proximity,180717,170300,7/18/2017 17:03
3224,1382,515.62,388.62,1,370.84,NA,NA,NA,NA,NA,NA,NA,1.80717E+11,proximity,180717,170300,7/18/2017 17:03
3225,1383,523.24,386.08,1,370.84,6,556,540,535,542,6.6,NA,1.80717E+11,proximity,180717,170300,7/18/2017 17:03
3226,1369,533.4,391.16,1,373.38,NA,NA,NA,NA,NA,NA,NA,1.80717E+11,proximity,180717,170301,7/18/2017 17:03
3227,1260,541.02,386.08,250,370.84,NA,NA,NA,NA,NA,NA,NA,1.80717E+11,proximity,180717,170301,7/18/2017 17:03
3228,1273,561.34,388.62,253,370.84,NA,NA,NA,NA,NA,NA,NA,1.80717E+11,proximity,180717,170301,7/18/2017 17:03
3229,1264,566.42,386.08,248,368.3,6,553,544,542,546,6.6,NA,1.80717E+11,proximity,180717,170301,7/18/2017 17:03
3230,1254,563.88,388.62,243,370.84,NA,NA,NA,NA,NA,NA,NA,1.80717E+11,proximity,180717,170302,7/18/2017 17:03
3231,1270,525.78,388.62,1,370.84,NA,NA,NA,NA,NA,NA,NA,1.80717E+11,proximity,180717,170302,7/18/2017 17:03
3232,1264,543.56,391.16,1,370.84,NA,NA,NA,NA,NA,NA,NA,1.80717E+11,proximity,180717,170302,7/18/2017 17:03
3233,1371,330.2,388.62,1,370.84,5.9,550,547,535,545,6.5,NA,1.80717E+11,proximity,180717,170302,7/18/2017 17:03
3234,1,335.28,391.16,256,373.38,NA,NA,NA,NA,NA,NA,NA,1.80717E+11,proximity,180717,170303,7/18/2017 17:03
3235,1297,510.54,388.62,1,370.84,NA,NA,NA,NA,NA,NA,NA,1.80717E+11,proximity,180717,170303,7/18/2017 17:03
3236,1294,345.44,388.62,1,370.84,NA,NA,NA,NA,NA,NA,NA,1.80717E+11,proximity,180717,170303,7/18/2017 17:03
3237,1329,332.74,388.62,1,370.84,5.9,561,533,534,543,6.5,NA,1.80717E+11,proximity,180717,170304,7/18/2017 17:03
3238,1,528.32,388.62,1061,370.84,NA,NA,NA,NA,NA,NA,NA,1.80717E+11,proximity,180717,170304,7/18/2017 17:03
3239,1,530.86,388.62,181,373.38,NA,NA,NA,NA,NA,NA,NA,1.80717E+11,proximity,180717,170304,7/18/2017 17:03
3240,1303,505.46,386.08,181,370.84,NA,NA,NA,NA,NA,NA,NA,1.80717E+11,proximity,180717,170305,7/18/2017 17:03
3241,1333,528.32,386.08,1,368.3,6,559,539,533,543,6.6,NA,1.80717E+11,proximity,180717,170305,7/18/2017 17:03
3242,1,518.16,388.62,908,370.84,NA,NA,NA,NA,NA,NA,NA,1.80717E+11,proximity,180717,170305,7/18/2017 17:03
3243,1324,528.32,388.62,1,373.38,NA,NA,NA,NA,NA,NA,NA,1.80717E+11,proximity,180717,170305,7/18/2017 17:03
3244,1433,581.66,388.62,130,368.3,NA,NA,NA,NA,NA,NA,NA,1.80717E+11,proximity,180717,170306,7/18/2017 17:03
3245,1434,561.34,388.62,120,370.84,6,561,542,540,542,6.6,NA,1.80717E+11,proximity,180717,170306,7/18/2017 17:03
3246,1346,530.86,388.62,120,373.38,NA,NA,NA,NA,NA,NA,NA,1.80717E+11,proximity,180717,170306,7/18/2017 17:03
3247,1338,543.56,388.62,1,370.84,NA,NA,NA,NA,NA,NA,NA,1.80717E+11,proximity,180717,170307,7/18/2017 17:03
3248,1337,548.64,388.62,1,370.84,NA,NA,NA,NA,NA,NA,NA,1.80717E+11,proximity,180717,170307,7/18/2017 17:03
3249,924,553.72,388.62,179,370.84,6,559,542,542,541,6.6,NA,1.80717E+11,proximity,180717,170307,7/18/2017 17:03
3250,934,566.42,391.16,164,373.38,NA,NA,NA,NA,NA,NA,NA,1.80717E+11,proximity,180717,170307,7/18/2017 17:03
3251,1377,584.2,388.62,140,370.84,NA,NA,NA,NA,NA,NA,NA,1.80717E+11,proximity,180717,170307,7/18/2017 17:03
3252,1,612.14,388.62,1,370.84,NA,NA,NA,NA,NA,NA,NA,1.80717E+11,proximity,180717,170308,7/18/2017 17:03
3253,922,566.42,388.62,167,373.38,5.9,557,541,543,544,6.5,NA,1.80717E+11,proximity,180717,170308,7/18/2017 17:03
3254,925,589.28,391.16,166,375.92,NA,NA,NA,NA,NA,NA,NA,1.80717E+11,proximity,180717,170309,7/18/2017 17:03
3255,494,553.72,388.62,1,370.84,NA,NA,NA,NA,NA,NA,NA,1.80717E+11,proximity,180717,170309,7/18/2017 17:03
3256,1369,568.96,386.08,1,368.3,NA,NA,NA,NA,NA,NA,NA,1.80717E+11,proximity,180717,170309,7/18/2017 17:03
3257,942,563.88,388.62,1,370.84,5.9,560,550,539,551,6.5,NA,1.80717E+11,proximity,180717,170309,7/18/2017 17:03
3258,939,553.72,388.62,1,370.84,NA,NA,NA,NA,NA,NA,NA,1.80717E+11,proximity,180717,170310,7/18/2017 17:03
3259,958,591.82,386.08,1,368.3,NA,NA,NA,NA,NA,NA,NA,1.80717E+11,proximity,180717,170310,7/18/2017 17:03
3260,1367,586.74,388.62,150,370.84,NA,NA,NA,NA,NA,NA,NA,1.80717E+11,proximity,180717,170310,7/18/2017 17:03
3261,1,561.34,386.08,153,368.3,5.8,553,550,538,550,6.4,NA,1.80717E+11,proximity,180717,170311,7/18/2017 17:03
3262,1381,558.8,388.62,158,370.84,NA,NA,NA,NA,NA,NA,NA,1.80717E+11,proximity,180717,170311,7/18/2017 17:03
3263,1402,561.34,391.16,1,370.84,NA,NA,NA,NA,NA,NA,NA,1.80717E+11,proximity,180717,170311,7/18/2017 17:03
3264,1358,556.26,388.62,1,370.84,NA,NA,NA,NA,NA,NA,NA,1.80717E+11,proximity,180717,170311,7/18/2017 17:03
3265,1382,568.96,391.16,124,373.38,5.8,549,543,542,543,6.4,NA,1.80717E+11,proximity,180717,170312,7/18/2017 17:03
3266,1370,574.04,393.7,126,375.92,NA,NA,NA,NA,NA,NA,NA,1.80717E+11,proximity,180717,170312,7/18/2017 17:03
3267,1379,566.42,388.62,1,370.84,NA,NA,NA,NA,NA,NA,NA,1.80717E+11,proximity,180717,170312,7/18/2017 17:03
3268,1392,571.5,388.62,1,370.84,NA,NA,NA,NA,NA,NA,NA,1.80717E+11,proximity,180717,170312,7/18/2017 17:03
3269,1,566.42,388.62,1,370.84,5.8,552,542,531,547,6.4,NA,1.80717E+11,proximity,180717,170313,7/18/2017 17:03
3270,1,335.28,388.62,1,370.84,NA,NA,NA,NA,NA,NA,NA,1.80717E+11,proximity,180717,170313,7/18/2017 17:03
3271,1,477.52,388.62,1,368.3,NA,NA,NA,NA,NA,NA,NA,1.80717E+11,proximity,180717,170313,7/18/2017 17:03
3272,1,408.94,388.62,1,370.84,NA,NA,NA,NA,NA,NA,NA,1.80717E+11,proximity,180717,170314,7/18/2017 17:03
3273,1,431.8,388.62,1,370.84,5.8,544,546,534,547,6.4,NA,1.80717E+11,proximity,180717,170314,7/18/2017 17:03
3274,1,434.34,386.08,1,370.84,NA,NA,NA,NA,NA,NA,NA,1.80717E+11,proximity,180717,170314,7/18/2017 17:03
3275,590,332.74,391.16,1,373.38,NA,NA,NA,NA,NA,NA,NA,1.80717E+11,proximity,180717,170315,7/18/2017 17:03
3276,601,535.94,391.16,1,398.78,NA,NA,NA,NA,NA,NA,NA,1.80717E+11,proximity,180717,170315,7/18/2017 17:03
3277,1,601.98,391.16,1,373.38,5.8,540,547,536,546,6.4,NA,1.80717E+11,proximity,180717,170315,7/18/2017 17:03
3278,1,607.06,391.16,1,375.92,NA,NA,NA,NA,NA,NA,NA,1.80717E+11,proximity,180717,170315,7/18/2017 17:03
3279,1,586.74,388.62,1,370.84,NA,NA,NA,NA,NA,NA,NA,1.80717E+11,proximity,180717,170316,7/18/2017 17:03
3280,1413,586.74,386.08,1,370.84,NA,NA,NA,NA,NA,NA,NA,1.80717E+11,proximity,180717,170316,7/18/2017 17:03
3281,1410,586.74,388.62,1,370.84,5.8,557,540,530,544,6.4,NA,1.80717E+11,proximity,180717,170316,7/18/2017 17:03
3282,1,591.82,388.62,1,370.84,NA,NA,NA,NA,NA,NA,NA,1.80717E+11,proximity,180717,170316,7/18/2017 17:03
3283,947,584.2,388.62,622,370.84,NA,NA,NA,NA,NA,NA,NA,1.80717E+11,proximity,180717,170317,7/18/2017 17:03
3284,1,571.5,386.08,586,370.84,NA,NA,NA,NA,NA,NA,NA,1.80717E+11,proximity,180717,170317,7/18/2017 17:03
3285,977,622.3,388.62,142,370.84,5.8,552,542,549,545,6.4,NA,1.80717E+11,proximity,180717,170317,7/18/2017 17:03
3286,1,612.14,388.62,1,370.84,NA,NA,NA,NA,NA,NA,NA,1.80717E+11,proximity,180717,170317,7/18/2017 17:03
3287,943,541.02,388.62,609,370.84,NA,NA,NA,NA,NA,NA,NA,1.80717E+11,proximity,180717,170318,7/18/2017 17:03
3288,943,523.24,386.08,1,370.84,NA,NA,NA,NA,NA,NA,NA,1.80717E+11,proximity,180717,170318,7/18/2017 17:03
3289,1504,624.84,388.62,131,370.84,5.7,560,547,538,551,6.3,NA,1.80717E+11,proximity,180717,170319,7/18/2017 17:03
3290,953,632.46,388.62,128,370.84,NA,NA,NA,NA,NA,NA,NA,1.80717E+11,proximity,180717,170319,7/18/2017 17:03
3291,220,589.28,388.62,2159,370.84,NA,NA,NA,NA,NA,NA,NA,1.80717E+11,proximity,180717,170319,7/18/2017 17:03
3292,168,175.26,388.62,805,370.84,NA,NA,NA,NA,NA,NA,NA,1.80717E+11,proximity,180717,170319,7/18/2017 17:03
3293,172,175.26,386.08,1,368.3,5.7,567,546,537,551,6.3,NA,1.80717E+11,proximity,180717,170320,7/18/2017 17:03
3294,167,177.8,388.62,144,370.84,NA,NA,NA,NA,NA,NA,NA,1.80717E+11,proximity,180717,170320,7/18/2017 17:03
3295,964,177.8,386.08,1,370.84,NA,NA,NA,NA,NA,NA,NA,1.80717E+11,proximity,180717,170320,7/18/2017 17:03
3296,1,251.46,388.62,1,490.22,NA,NA,NA,NA,NA,NA,NA,1.80717E+11,proximity,180717,170320,7/18/2017 17:03
3297,1502,325.12,388.62,1,370.84,5.7,570,536,530,540,6.3,NA,1.80717E+11,proximity,180717,170321,7/18/2017 17:03
3298,1494,325.12,388.62,1,370.84,NA,NA,NA,NA,NA,NA,NA,1.80717E+11,proximity,180717,170321,7/18/2017 17:03
3299,1360,325.12,386.08,1,368.3,NA,NA,NA,NA,NA,NA,NA,1.80717E+11,proximity,180717,170321,7/18/2017 17:03
3300,888,327.66,386.08,5,370.84,NA,NA,NA,NA,NA,NA,NA,1.80717E+11,proximity,180717,170322,7/18/2017 17:03
3301,1,312.42,388.62,1,368.3,5.7,568,541,531,539,6.3,NA,1.80717E+11,proximity,180717,170322,7/18/2017 17:03
3302,1,320.04,388.62,1,370.84,NA,NA,NA,NA,NA,NA,NA,1.80717E+11,proximity,180717,170322,7/18/2017 17:03
3303,883,312.42,388.62,1,370.84,NA,NA,NA,NA,NA,NA,NA,1.80717E+11,proximity,180717,170322,7/18/2017 17:03
3304,886,325.12,386.08,1,368.3,NA,NA,NA,NA,NA,NA,NA,1.80717E+11,proximity,180717,170322,7/18/2017 17:03
3305,1,322.58,386.08,1,370.84,5.8,558,546,531,545,6.4,NA,1.80717E+11,proximity,180717,170323,7/18/2017 17:03
3306,1364,312.42,386.08,1042,370.84,NA,NA,NA,NA,NA,NA,NA,1.80717E+11,proximity,180717,170323,7/18/2017 17:03
3307,833,327.66,391.16,1,373.38,NA,NA,NA,NA,NA,NA,NA,1.80717E+11,proximity,180717,170324,7/18/2017 17:03
3308,856,320.04,388.62,233,370.84,NA,NA,NA,NA,NA,NA,NA,1.80717E+11,proximity,180717,170324,7/18/2017 17:03
3309,883,327.66,386.08,1,370.84,5.9,565,538,531,541,6.5,NA,1.80717E+11,proximity,180717,170324,7/18/2017 17:03
3310,910,322.58,388.62,578,370.84,NA,NA,NA,NA,NA,NA,NA,1.80717E+11,proximity,180717,170324,7/18/2017 17:03
3311,853,327.66,388.62,1,370.84,NA,NA,NA,NA,NA,NA,NA,1.80717E+11,proximity,180717,170325,7/18/2017 17:03
3312,858,320.04,388.62,1,370.84,NA,NA,NA,NA,NA,NA,NA,1.80717E+11,proximity,180717,170325,7/18/2017 17:03
3313,836,307.34,386.08,167,368.3,5.9,562,541,548,543,6.5,NA,1.80717E+11,proximity,180717,170325,7/18/2017 17:03
3314,841,320.04,386.08,1,370.84,NA,NA,NA,NA,NA,NA,NA,1.80717E+11,proximity,180717,170326,7/18/2017 17:03
3315,1,335.28,388.62,1,370.84,NA,NA,NA,NA,NA,NA,NA,1.80717E+11,proximity,180717,170326,7/18/2017 17:03
3316,1,327.66,386.08,142,368.3,NA,NA,NA,NA,NA,NA,NA,1.80717E+11,proximity,180717,170326,7/18/2017 17:03
3317,1,327.66,388.62,1,370.84,6,547,553,530,554,6.6,NA,1.80717E+11,proximity,180717,170326,7/18/2017 17:03
3318,1,327.66,388.62,153,370.84,NA,NA,NA,NA,NA,NA,NA,1.80717E+11,proximity,180717,170327,7/18/2017 17:03
3319,480,325.12,386.08,1,370.84,NA,NA,NA,NA,NA,NA,NA,1.80717E+11,proximity,180717,170327,7/18/2017 17:03
3320,486,312.42,386.08,1,368.3,NA,NA,NA,NA,NA,NA,NA,1.80717E+11,proximity,180717,170327,7/18/2017 17:03
3321,1339,309.88,388.62,1,370.84,6,563,541,531,542,6.6,NA,1.80717E+11,proximity,180717,170327,7/18/2017 17:03
3322,1365,302.26,386.08,1,370.84,NA,NA,NA,NA,NA,NA,NA,1.80717E+11,proximity,180717,170328,7/18/2017 17:03
3323,1350,309.88,386.08,162,368.3,NA,NA,NA,NA,NA,NA,NA,1.80717E+11,proximity,180717,170328,7/18/2017 17:03
3324,1376,307.34,388.62,147,370.84,NA,NA,NA,NA,NA,NA,NA,1.80717E+11,proximity,180717,170328,7/18/2017 17:03
3325,948,317.5,386.08,150,368.3,6,550,542,550,546,6.6,NA,1.80717E+11,proximity,180717,170329,7/18/2017 17:03
3326,1157,317.5,386.08,151,368.3,NA,NA,NA,NA,NA,NA,NA,1.80717E+11,proximity,180717,170329,7/18/2017 17:03
3327,942,312.42,388.62,161,370.84,NA,NA,NA,NA,NA,NA,NA,1.80717E+11,proximity,180717,170329,7/18/2017 17:03
3328,1,312.42,388.62,180,370.84,NA,NA,NA,NA,NA,NA,NA,1.80717E+11,proximity,180717,170330,7/18/2017 17:03
3329,1343,314.96,388.62,1,370.84,6,564,543,534,543,6.6,NA,1.80717E+11,proximity,180717,170330,7/18/2017 17:03
3330,1,314.96,388.62,1347,370.84,NA,NA,NA,NA,NA,NA,NA,1.80717E+11,proximity,180717,170330,7/18/2017 17:03
3331,1,314.96,388.62,1072,370.84,NA,NA,NA,NA,NA,NA,NA,1.80717E+11,proximity,180717,170330,7/18/2017 17:03
3332,1,314.96,386.08,1,370.84,NA,NA,NA,NA,NA,NA,NA,1.80717E+11,proximity,180717,170331,7/18/2017 17:03
3333,1,314.96,386.08,1,368.3,6,562,538,531,541,6.6,NA,1.80717E+11,proximity,180717,170331,7/18/2017 17:03
3334,1,314.96,388.62,1263,370.84,NA,NA,NA,NA,NA,NA,NA,1.80717E+11,proximity,180717,170331,7/18/2017 17:03
3335,1295,314.96,388.62,229,370.84,NA,NA,NA,NA,NA,NA,NA,1.80717E+11,proximity,180717,170332,7/18/2017 17:03
3336,1280,314.96,386.08,243,370.84,NA,NA,NA,NA,NA,NA,NA,1.80717E+11,proximity,180717,170332,7/18/2017 17:03
3337,1259,314.96,386.08,1,370.84,6,565,541,531,542,6.6,NA,1.80717E+11,proximity,180717,170332,7/18/2017 17:03
3338,1258,314.96,388.62,1,370.84,NA,NA,NA,NA,NA,NA,NA,1.80717E+11,proximity,180717,170332,7/18/2017 17:03
3339,1244,314.96,388.62,1,370.84,NA,NA,NA,NA,NA,NA,NA,1.80717E+11,proximity,180717,170333,7/18/2017 17:03
3340,811,314.96,388.62,1,370.84,NA,NA,NA,NA,NA,NA,NA,1.80717E+11,proximity,180717,170333,7/18/2017 17:03
3341,804,314.96,386.08,1,368.3,6,569,542,534,542,6.6,NA,1.80717E+11,proximity,180717,170333,7/18/2017 17:03
3342,800,314.96,386.08,1,370.84,NA,NA,NA,NA,NA,NA,NA,1.80717E+11,proximity,180717,170334,7/18/2017 17:03
3343,799,314.96,386.08,1,368.3,NA,NA,NA,NA,NA,NA,NA,1.80717E+11,proximity,180717,170334,7/18/2017 17:03
3344,1,314.96,386.08,973,370.84,NA,NA,NA,NA,NA,NA,NA,1.80717E+11,proximity,180717,170334,7/18/2017 17:03
3345,753,314.96,386.08,1,368.3,6.1,564,541,540,543,6.7,NA,1.80717E+11,proximity,180717,170334,7/18/2017 17:03
3346,734,314.96,391.16,1,373.38,NA,NA,NA,NA,NA,NA,NA,1.80717E+11,proximity,180717,170335,7/18/2017 17:03
3347,719,314.96,388.62,1,368.3,NA,NA,NA,NA,NA,NA,NA,1.80717E+11,proximity,180717,170335,7/18/2017 17:03
3348,706,317.5,391.16,570,373.38,NA,NA,NA,NA,NA,NA,NA,1.80717E+11,proximity,180717,170335,7/18/2017 17:03
3349,1165,314.96,388.62,1827,370.84,6.1,554,548,528,549,6.7,NA,1.80717E+11,proximity,180717,170336,7/18/2017 17:03
3350,1162,314.96,388.62,1806,373.38,NA,NA,NA,NA,NA,NA,NA,1.80717E+11,proximity,180717,170336,7/18/2017 17:03
3351,1,314.96,386.08,1,368.3,NA,NA,NA,NA,NA,NA,NA,1.80717E+11,proximity,180717,170336,7/18/2017 17:03
3352,724,314.96,386.08,1,368.3,NA,NA,NA,NA,NA,NA,NA,1.80717E+11,proximity,180717,170336,7/18/2017 17:03
3353,732,314.96,386.08,1,368.3,6.1,541,555,541,550,6.7,NA,1.80717E+11,proximity,180717,170337,7/18/2017 17:03
3354,755,314.96,386.08,1783,368.3,NA,NA,NA,NA,NA,NA,NA,1.80717E+11,proximity,180717,170337,7/18/2017 17:03
3355,1007,314.96,388.62,1055,370.84,NA,NA,NA,NA,NA,NA,NA,1.80717E+11,proximity,180717,170337,7/18/2017 17:03
3356,981,314.96,388.62,1,370.84,NA,NA,NA,NA,NA,NA,NA,1.80717E+11,proximity,180717,170337,7/18/2017 17:03
3357,1,314.96,388.62,1,370.84,6,565,540,528,545,6.6,NA,1.80717E+11,proximity,180717,170338,7/18/2017 17:03
3358,1,314.96,388.62,1,370.84,NA,NA,NA,NA,NA,NA,NA,1.80717E+11,proximity,180717,170338,7/18/2017 17:03
3359,966,314.96,386.08,1,370.84,NA,NA,NA,NA,NA,NA,NA,1.80717E+11,proximity,180717,170338,7/18/2017 17:03
3360,986,370.84,391.16,1,960.12,NA,NA,NA,NA,NA,NA,NA,1.80717E+11,proximity,180717,170339,7/18/2017 17:03
3361,1003,314.96,388.62,1,370.84,6,566,540,532,541,6.6,NA,1.80717E+11,proximity,180717,170339,7/18/2017 17:03
3362,1007,314.96,388.62,1,370.84,NA,NA,NA,NA,NA,NA,NA,1.80717E+11,proximity,180717,170339,7/18/2017 17:03
3363,890,314.96,386.08,1,368.3,NA,NA,NA,NA,NA,NA,NA,1.80717E+11,proximity,180717,170340,7/18/2017 17:03
3364,866,314.96,388.62,1,368.3,NA,NA,NA,NA,NA,NA,NA,1.80717E+11,proximity,180717,170340,7/18/2017 17:03
3365,809,314.96,388.62,1,370.84,6,554,549,531,547,6.6,NA,1.80717E+11,proximity,180717,170340,7/18/2017 17:03
3366,820,231.14,388.62,1,370.84,NA,NA,NA,NA,NA,NA,NA,1.80717E+11,proximity,180717,170340,7/18/2017 17:03
3367,855,314.96,386.08,1,370.84,NA,NA,NA,NA,NA,NA,NA,1.80717E+11,proximity,180717,170341,7/18/2017 17:03
3368,844,314.96,386.08,1,368.3,NA,NA,NA,NA,NA,NA,NA,1.80717E+11,proximity,180717,170341,7/18/2017 17:03
3369,826,314.96,388.62,1,370.84,6.1,558,543,533,542,6.7,NA,1.80717E+11,proximity,180717,170341,7/18/2017 17:03
3370,833,314.96,391.16,1,373.38,NA,NA,NA,NA,NA,NA,NA,1.80717E+11,proximity,180717,170342,7/18/2017 17:03
3371,860,312.42,388.62,1,370.84,NA,NA,NA,NA,NA,NA,NA,1.80717E+11,proximity,180717,170342,7/18/2017 17:03
3372,828,314.96,388.62,1,370.84,NA,NA,NA,NA,NA,NA,NA,1.80717E+11,proximity,180717,170342,7/18/2017 17:03
3373,1,314.96,386.08,1,368.3,6.1,563,539,533,543,6.7,NA,1.80717E+11,proximity,180717,170342,7/18/2017 17:03
3374,1,312.42,388.62,1,370.84,NA,NA,NA,NA,NA,NA,NA,1.80717E+11,proximity,180717,170342,7/18/2017 17:03
3375,877,314.96,386.08,1,368.3,NA,NA,NA,NA,NA,NA,NA,1.80717E+11,proximity,180717,170343,7/18/2017 17:03
3376,836,312.42,386.08,1,368.3,NA,NA,NA,NA,NA,NA,NA,1.80717E+11,proximity,180717,170343,7/18/2017 17:03
3377,895,314.96,388.62,1,370.84,6.2,556,546,533,544,6.8,NA,1.80717E+11,proximity,180717,170344,7/18/2017 17:03
3378,892,314.96,388.62,1,370.84,NA,NA,NA,NA,NA,NA,NA,1.80717E+11,proximity,180717,170344,7/18/2017 17:03
3379,906,312.42,388.62,1,368.3,NA,NA,NA,NA,NA,NA,NA,1.80717E+11,proximity,180717,170344,7/18/2017 17:03
3380,932,312.42,388.62,1,370.84,NA,NA,NA,NA,NA,NA,NA,1.80717E+11,proximity,180717,170344,7/18/2017 17:03
3381,942,312.42,388.62,1,370.84,6.2,549,546,534,544,6.8,NA,1.80717E+11,proximity,180717,170345,7/18/2017 17:03
3382,924,312.42,388.62,1,370.84,NA,NA,NA,NA,NA,NA,NA,1.80717E+11,proximity,180717,170345,7/18/2017 17:03
3383,875,312.42,386.08,1,368.3,NA,NA,NA,NA,NA,NA,NA,1.80717E+11,proximity,180717,170345,7/18/2017 17:03
3384,849,314.96,388.62,1,370.84,NA,NA,NA,NA,NA,NA,NA,1.80717E+11,proximity,180717,170346,7/18/2017 17:03
3385,839,312.42,386.08,1,368.3,6.3,566,538,534,541,6.9,NA,1.80717E+11,proximity,180717,170346,7/18/2017 17:03
3386,1,314.96,386.08,1,370.84,NA,NA,NA,NA,NA,NA,NA,1.80717E+11,proximity,180717,170346,7/18/2017 17:03
3387,881,314.96,388.62,1,370.84,NA,NA,NA,NA,NA,NA,NA,1.80717E+11,proximity,180717,170346,7/18/2017 17:03
3388,864,360.68,388.62,1,896.62,NA,NA,NA,NA,NA,NA,NA,1.80717E+11,proximity,180717,170347,7/18/2017 17:03
3389,884,312.42,388.62,1,370.84,6.3,563,540,535,542,6.9,NA,1.80717E+11,proximity,180717,170347,7/18/2017 17:03
3390,899,312.42,386.08,1,368.3,NA,NA,NA,NA,NA,NA,NA,1.80717E+11,proximity,180717,170347,7/18/2017 17:03
3391,1,309.88,388.62,1,370.84,NA,NA,NA,NA,NA,NA,NA,1.80717E+11,proximity,180717,170347,7/18/2017 17:03
3392,905,337.82,388.62,1,373.38,NA,NA,NA,NA,NA,NA,NA,1.80717E+11,proximity,180717,170348,7/18/2017 17:03
3393,925,312.42,388.62,1,370.84,6.3,558,540,534,543,6.9,NA,1.80717E+11,proximity,180717,170348,7/18/2017 17:03
3394,922,312.42,388.62,1,368.3,NA,NA,NA,NA,NA,NA,NA,1.80717E+11,proximity,180717,170348,7/18/2017 17:03
3395,1,312.42,386.08,1,370.84,NA,NA,NA,NA,NA,NA,NA,1.80717E+11,proximity,180717,170349,7/18/2017 17:03
3396,866,358.14,388.62,1,812.8,NA,NA,NA,NA,NA,NA,NA,1.80717E+11,proximity,180717,170349,7/18/2017 17:03
3397,869,312.42,388.62,1,373.38,6.2,555,544,533,544,6.8,NA,1.80717E+11,proximity,180717,170349,7/18/2017 17:03
3398,1,312.42,388.62,1,370.84,NA,NA,NA,NA,NA,NA,NA,1.80717E+11,proximity,180717,170350,7/18/2017 17:03
3399,900,309.88,386.08,1,368.3,NA,NA,NA,NA,NA,NA,NA,1.80717E+11,proximity,180717,170350,7/18/2017 17:03
3400,915,312.42,386.08,1,368.3,NA,NA,NA,NA,NA,NA,NA,1.80717E+11,proximity,180717,170350,7/18/2017 17:03
3401,907,312.42,388.62,1,370.84,6.1,556,555,532,557,6.7,NA,1.80717E+11,proximity,180717,170350,7/18/2017 17:03
3402,923,312.42,388.62,1,370.84,NA,NA,NA,NA,NA,NA,NA,1.80717E+11,proximity,180717,170351,7/18/2017 17:03
3403,916,312.42,388.62,1,370.84,NA,NA,NA,NA,NA,NA,NA,1.80717E+11,proximity,180717,170351,7/18/2017 17:03
3404,879,312.42,386.08,1,368.3,NA,NA,NA,NA,NA,NA,NA,1.80717E+11,proximity,180717,170351,7/18/2017 17:03
3405,1,309.88,388.62,1,370.84,6.1,559,552,533,549,6.7,NA,1.80717E+11,proximity,180717,170352,7/18/2017 17:03
3406,1,314.96,391.16,1,373.38,NA,NA,NA,NA,NA,NA,NA,1.80717E+11,proximity,180717,170352,7/18/2017 17:03
3407,855,309.88,388.62,1,370.84,NA,NA,NA,NA,NA,NA,NA,1.80717E+11,proximity,180717,170352,7/18/2017 17:03
3408,1,358.14,386.08,1,835.66,NA,NA,NA,NA,NA,NA,NA,1.80717E+11,proximity,180717,170352,7/18/2017 17:03
3409,869,309.88,386.08,1,370.84,6.1,567,543,531,542,6.7,NA,1.80717E+11,proximity,180717,170353,7/18/2017 17:03
3410,859,312.42,391.16,1,373.38,NA,NA,NA,NA,NA,NA,NA,1.80717E+11,proximity,180717,170353,7/18/2017 17:03
3411,882,309.88,388.62,1,370.84,NA,NA,NA,NA,NA,NA,NA,1.80717E+11,proximity,180717,170353,7/18/2017 17:03
3412,864,213.36,388.62,1,370.84,NA,NA,NA,NA,NA,NA,NA,1.80717E+11,proximity,180717,170354,7/18/2017 17:03
3413,1,312.42,388.62,1,370.84,6.1,567,541,530,541,6.7,NA,1.80717E+11,proximity,180717,170354,7/18/2017 17:03
3414,915,312.42,388.62,1,370.84,NA,NA,NA,NA,NA,NA,NA,1.80717E+11,proximity,180717,170354,7/18/2017 17:03
3415,937,312.42,391.16,1,373.38,NA,NA,NA,NA,NA,NA,NA,1.80717E+11,proximity,180717,170354,7/18/2017 17:03
3416,944,312.42,388.62,1,370.84,NA,NA,NA,NA,NA,NA,NA,1.80717E+11,proximity,180717,170355,7/18/2017 17:03
3417,970,312.42,388.62,1,368.3,6.1,569,543,533,541,6.7,NA,1.80717E+11,proximity,180717,170355,7/18/2017 17:03
3418,953,312.42,388.62,1,370.84,NA,NA,NA,NA,NA,NA,NA,1.80717E+11,proximity,180717,170355,7/18/2017 17:03
3419,955,312.42,391.16,1,373.38,NA,NA,NA,NA,NA,NA,NA,1.80717E+11,proximity,180717,170356,7/18/2017 17:03
3420,951,312.42,386.08,1,368.3,NA,NA,NA,NA,NA,NA,NA,1.80717E+11,proximity,180717,170356,7/18/2017 17:03
3421,943,312.42,388.62,1,370.84,6.1,560,542,535,543,6.7,NA,1.80717E+11,proximity,180717,170356,7/18/2017 17:03
3422,933,312.42,388.62,1,370.84,NA,NA,NA,NA,NA,NA,NA,1.80717E+11,proximity,180717,170356,7/18/2017 17:03
3423,935,312.42,388.62,1,370.84,NA,NA,NA,NA,NA,NA,NA,1.80717E+11,proximity,180717,170357,7/18/2017 17:03
3424,888,312.42,386.08,1,370.84,NA,NA,NA,NA,NA,NA,NA,1.80717E+11,proximity,180717,170357,7/18/2017 17:03
3425,790,312.42,386.08,1,368.3,6.1,557,543,542,542,6.7,NA,1.80717E+11,proximity,180717,170357,7/18/2017 17:03
3426,1,312.42,386.08,1,370.84,NA,NA,NA,NA,NA,NA,NA,1.80717E+11,proximity,180717,170357,7/18/2017 17:03
3427,945,312.42,386.08,1,368.3,NA,NA,NA,NA,NA,NA,NA,1.80717E+11,proximity,180717,170358,7/18/2017 17:03
3428,1089,312.42,388.62,1,370.84,NA,NA,NA,NA,NA,NA,NA,1.80717E+11,proximity,180717,170358,7/18/2017 17:03
3429,1155,312.42,388.62,1,370.84,6.1,553,546,536,548,6.7,NA,1.80717E+11,proximity,180717,170359,7/18/2017 17:03
3430,1147,312.42,388.62,1,370.84,NA,NA,NA,NA,NA,NA,NA,1.80717E+11,proximity,180717,170359,7/18/2017 17:03
3431,979,312.42,386.08,1,368.3,NA,NA,NA,NA,NA,NA,NA,1.80717E+11,proximity,180717,170359,7/18/2017 17:03
3432,990,317.5,388.62,1,368.3,NA,NA,NA,NA,NA,NA,NA,1.80717E+11,proximity,180717,170359,7/18/2017 17:03
3433,843,309.88,388.62,1,370.84,6.1,551,547,534,549,6.7,NA,1.80717E+11,proximity,180717,170400,7/18/2017 17:04
3434,825,304.8,386.08,1,370.84,NA,NA,NA,NA,NA,NA,NA,1.80717E+11,proximity,180717,170400,7/18/2017 17:04
3435,1,312.42,388.62,1122,370.84,NA,NA,NA,NA,NA,NA,NA,1.80717E+11,proximity,180717,170400,7/18/2017 17:04
3436,1,337.82,388.62,754,370.84,NA,NA,NA,NA,NA,NA,NA,1.80717E+11,proximity,180717,170400,7/18/2017 17:04
3437,619,312.42,388.62,1,370.84,6.1,558,537,536,542,6.7,NA,1.80717E+11,proximity,180717,170401,7/18/2017 17:04
3438,595,312.42,386.08,1,370.84,NA,NA,NA,NA,NA,NA,NA,1.80717E+11,proximity,180717,170401,7/18/2017 17:04
3439,1,312.42,386.08,1,368.3,NA,NA,NA,NA,NA,NA,NA,1.80717E+11,proximity,180717,170401,7/18/2017 17:04
