"","uv_index","oms_risk","pressure","altitude","temperature","humidity","timestamp","sensor","DateN","TimeN","Time","sequenceTime"
"1",0.464524775743484,"Low",NA,NA,NA,NA,190717201302.092,"ultraviolet","190717","201302",2017-07-21 20:13:02,1
"2",NA,NA,98344,251.125,27.8125,NA,190717201303.092,"pressure_temperature","190717","201303",2017-07-21 20:13:03,2
"3",NA,NA,NA,NA,NA,68.5805511474609,190717201303.092,"humidity","190717","201303",2017-07-21 20:13:03,3
"4",0.460508704185486,"Low",NA,NA,NA,NA,190717201304.092,"ultraviolet","190717","201304",2017-07-21 20:13:04,4
"5",0.440428376197815,"Low",NA,NA,NA,NA,190717201306.081,"ultraviolet","190717","201306",2017-07-21 20:13:06,5
"6",NA,NA,98351.25,251.0625,28,NA,190717201308.302,"pressure_temperature","190717","201308",2017-07-21 20:13:08,6
"7",NA,NA,NA,NA,NA,68.5970687866211,190717201308.302,"humidity","190717","201308",2017-07-21 20:13:08,7
"8",0.451137870550156,"Low",NA,NA,NA,NA,190717201308.302,"ultraviolet","190717","201308",2017-07-21 20:13:08,8
"9",0.461847394704819,"Low",NA,NA,NA,NA,190717201310.302,"ultraviolet","190717","201310",2017-07-21 20:13:10,9
"10",0.469879508018494,"Low",NA,NA,NA,NA,190717201312.081,"ultraviolet","190717","201312",2017-07-21 20:13:12,10
"11",NA,NA,98333,251.875,28.1875,NA,190717201313.302,"pressure_temperature","190717","201313",2017-07-21 20:13:13,11
"12",NA,NA,NA,NA,NA,68.8110656738281,190717201313.302,"humidity","190717","201313",2017-07-21 20:13:13,12
"13",0.477911651134491,"Low",NA,NA,NA,NA,190717201314.302,"ultraviolet","190717","201314",2017-07-21 20:13:14,13
"14",0.496653288602829,"Low",NA,NA,NA,NA,190717201316.302,"ultraviolet","190717","201316",2017-07-21 20:13:16,14
"15",NA,NA,98333,251.875,28.375,NA,190717201318.081,"pressure_temperature","190717","201318",2017-07-21 20:13:18,15
"16",NA,NA,NA,NA,NA,69.2864456176758,190717201318.081,"humidity","190717","201318",2017-07-21 20:13:18,16
"17",0.476572960615158,"Low",NA,NA,NA,NA,190717201318.081,"ultraviolet","190717","201318",2017-07-21 20:13:18,17
"18",0.527443110942841,"Low",NA,NA,NA,NA,190717201320.302,"ultraviolet","190717","201320",2017-07-21 20:13:20,18
"19",0.420348048210144,"Low",NA,NA,NA,NA,190717201322.302,"ultraviolet","190717","201322",2017-07-21 20:13:22,19
"20",NA,NA,98332.5,252.125,28.5625,NA,190717201323.302,"pressure_temperature","190717","201323",2017-07-21 20:13:23,20
"21",NA,NA,NA,NA,NA,69.4157104492188,190717201323.302,"humidity","190717","201323",2017-07-21 20:13:23,21
"22",0.50870144367218,"Low",NA,NA,NA,NA,190717201324.097,"ultraviolet","190717","201324",2017-07-21 20:13:24,22
"23",0.50736278295517,"Low",NA,NA,NA,NA,190717201326.097,"ultraviolet","190717","201326",2017-07-21 20:13:26,23
"24",NA,NA,98333.75,252.125,28.75,NA,190717201328.097,"pressure_temperature","190717","201328",2017-07-21 20:13:28,24
"25",NA,NA,NA,NA,NA,69.5973892211914,190717201328.097,"humidity","190717","201328",2017-07-21 20:13:28,25
"26",0.503346741199493,"Low",NA,NA,NA,NA,190717201328.097,"ultraviolet","190717","201328",2017-07-21 20:13:28,26
"27",0.405622482299805,"Low",NA,NA,NA,NA,190717201330.085,"ultraviolet","190717","201330",2017-07-21 20:13:30,27
"28",0.449799180030823,"Low",NA,NA,NA,NA,190717201332.085,"ultraviolet","190717","201332",2017-07-21 20:13:32,28
"29",NA,NA,98332.25,252.5,29,NA,190717201333.085,"pressure_temperature","190717","201333",2017-07-21 20:13:33,29
"30",NA,NA,NA,NA,NA,69.6340103149414,190717201333.085,"humidity","190717","201333",2017-07-21 20:13:33,30
"31",0.463186085224152,"Low",NA,NA,NA,NA,190717201334.085,"ultraviolet","190717","201334",2017-07-21 20:13:34,31
"32",0.49263721704483,"Low",NA,NA,NA,NA,190717201336.085,"ultraviolet","190717","201336",2017-07-21 20:13:36,32
"33",NA,NA,98328.5,252.75,29.1875,NA,190717201337.304,"pressure_temperature","190717","201337",2017-07-21 20:13:37,33
"34",NA,NA,NA,NA,NA,69.4207305908203,190717201337.304,"humidity","190717","201337",2017-07-21 20:13:37,34
"35",0.622489929199219,"Low",NA,NA,NA,NA,190717201337.304,"ultraviolet","190717","201337",2017-07-21 20:13:37,35
"36",0.336010694503784,"Low",NA,NA,NA,NA,190717201339.304,"ultraviolet","190717","201339",2017-07-21 20:13:39,36
"37",0.269076317548752,"Low",NA,NA,NA,NA,190717201342.085,"ultraviolet","190717","201342",2017-07-21 20:13:42,37
"38",NA,NA,98360,249.9375,29.375,NA,190717201343.085,"pressure_temperature","190717","201343",2017-07-21 20:13:43,38
"39",NA,NA,NA,NA,NA,68.8326034545898,190717201343.085,"humidity","190717","201343",2017-07-21 20:13:43,39
"40",0.319946438074112,"Low",NA,NA,NA,NA,190717201344.085,"ultraviolet","190717","201344",2017-07-21 20:13:44,40
"41",0.255689412355423,"Low",NA,NA,NA,NA,190717201346.085,"ultraviolet","190717","201346",2017-07-21 20:13:46,41
"42",NA,NA,98364,249.25,29.5625,NA,190717201348.085,"pressure_temperature","190717","201348",2017-07-21 20:13:48,42
"43",NA,NA,NA,NA,NA,68.9388885498047,190717201348.085,"humidity","190717","201348",2017-07-21 20:13:48,43
"44",0.235609099268913,"Low",NA,NA,NA,NA,190717201348.085,"ultraviolet","190717","201348",2017-07-21 20:13:48,44
"45",0.253012031316757,"Low",NA,NA,NA,NA,190717201349.294,"ultraviolet","190717","201349",2017-07-21 20:13:49,45
"46",0.25435072183609,"Low",NA,NA,NA,NA,190717201351.294,"ultraviolet","190717","201351",2017-07-21 20:13:51,46
"47",NA,NA,98368.75,249.125,29.75,NA,190717201352.294,"pressure_temperature","190717","201352",2017-07-21 20:13:52,47
"48",NA,NA,NA,NA,NA,69.0480346679688,190717201352.294,"humidity","190717","201352",2017-07-21 20:13:52,48
"49",0.240963846445084,"Low",NA,NA,NA,NA,190717201354.081,"ultraviolet","190717","201354",2017-07-21 20:13:54,49
"50",0.204819276928902,"Low",NA,NA,NA,NA,190717201355.3,"ultraviolet","190717","201355",2017-07-21 20:13:55,50
"51",NA,NA,98401,247.25,29.9375,NA,190717201357.3,"pressure_temperature","190717","201357",2017-07-21 20:13:57,51
"52",NA,NA,NA,NA,NA,68.9805374145508,190717201357.3,"humidity","190717","201357",2017-07-21 20:13:57,52
"53",0.0548862107098103,"Low",NA,NA,NA,NA,190717201357.3,"ultraviolet","190717","201357",2017-07-21 20:13:57,53
"54",0.187416329979897,"Low",NA,NA,NA,NA,190717201400.081,"ultraviolet","190717","201400",2017-07-21 20:14:00,54
"55",0.100401602685452,"Low",NA,NA,NA,NA,190717201401.3,"ultraviolet","190717","201401",2017-07-21 20:14:01,55
"56",NA,NA,98386,247.625,30.125,NA,190717201402.3,"pressure_temperature","190717","201402",2017-07-21 20:14:02,56
"57",NA,NA,NA,NA,NA,68.9992065429688,190717201402.3,"humidity","190717","201402",2017-07-21 20:14:02,57
"58",0.0910307914018631,"Low",NA,NA,NA,NA,190717201403.3,"ultraviolet","190717","201403",2017-07-21 20:14:03,58
"59",0.522088348865509,"Low",NA,NA,NA,NA,190717201406.097,"ultraviolet","190717","201406",2017-07-21 20:14:06,59
"60",NA,NA,98356.25,250,30.3125,NA,190717201408.097,"pressure_temperature","190717","201408",2017-07-21 20:14:08,60
"61",NA,NA,NA,NA,NA,70.3564224243164,190717201408.097,"humidity","190717","201408",2017-07-21 20:14:08,61
"62",0.803212821483612,"Low",NA,NA,NA,NA,190717201408.097,"ultraviolet","190717","201408",2017-07-21 20:14:08,62
"63",0.819277107715607,"Low",NA,NA,NA,NA,190717201410.097,"ultraviolet","190717","201410",2017-07-21 20:14:10,63
"64",0.827309250831604,"Low",NA,NA,NA,NA,190717201412.083,"ultraviolet","190717","201412",2017-07-21 20:14:12,64
"65",NA,NA,98341.5,251.25,30.5625,NA,190717201412.083,"pressure_temperature","190717","201412",2017-07-21 20:14:12,65
"66",NA,NA,NA,NA,NA,70.4562454223633,190717201412.083,"humidity","190717","201412",2017-07-21 20:14:12,66
"67",0.844712197780609,"Low",NA,NA,NA,NA,190717201413.304,"ultraviolet","190717","201413",2017-07-21 20:14:13,67
"68",0.868808567523956,"Low",NA,NA,NA,NA,190717201415.304,"ultraviolet","190717","201415",2017-07-21 20:14:15,68
"69",NA,NA,98346.5,251.1875,30.8125,NA,190717201418.083,"pressure_temperature","190717","201418",2017-07-21 20:14:18,69
"70",NA,NA,NA,NA,NA,70.6099166870117,190717201418.083,"humidity","190717","201418",2017-07-21 20:14:18,70
"71",0.858099043369293,"Low",NA,NA,NA,NA,190717201418.083,"ultraviolet","190717","201418",2017-07-21 20:14:18,71
"72",0.852744281291962,"Low",NA,NA,NA,NA,190717201419.304,"ultraviolet","190717","201419",2017-07-21 20:14:19,72
"73",0.860776424407959,"Low",NA,NA,NA,NA,190717201421.304,"ultraviolet","190717","201421",2017-07-21 20:14:21,73
"74",NA,NA,98353.25,250.5,31.0625,NA,190717201422.304,"pressure_temperature","190717","201422",2017-07-21 20:14:22,74
"75",NA,NA,NA,NA,NA,70.8662796020508,190717201422.304,"humidity","190717","201422",2017-07-21 20:14:22,75
"76",0.851405620574951,"Low",NA,NA,NA,NA,190717201424.09,"ultraviolet","190717","201424",2017-07-21 20:14:24,76
"77",0.852744281291962,"Low",NA,NA,NA,NA,190717201425.309,"ultraviolet","190717","201425",2017-07-21 20:14:25,77
"78",NA,NA,98367.75,249.125,31.3125,NA,190717201427.309,"pressure_temperature","190717","201427",2017-07-21 20:14:27,78
"79",NA,NA,NA,NA,NA,70.7858505249023,190717201427.309,"humidity","190717","201427",2017-07-21 20:14:27,79
"80",0.856760382652283,"Low",NA,NA,NA,NA,190717201427.309,"ultraviolet","190717","201427",2017-07-21 20:14:27,80
"81",0.805890202522278,"Low",NA,NA,NA,NA,190717201429.309,"ultraviolet","190717","201429",2017-07-21 20:14:29,81
"82",0.733601093292236,"Low",NA,NA,NA,NA,190717201432,"ultraviolet","190717","201432",2017-07-21 20:14:32,82
"83",NA,NA,98385.25,247.6875,31.5625,NA,190717201433,"pressure_temperature","190717","201433",2017-07-21 20:14:33,83
"84",NA,NA,NA,NA,NA,70.5833511352539,190717201433,"humidity","190717","201433",2017-07-21 20:14:33,84
"85",0.732262372970581,"Low",NA,NA,NA,NA,190717201434,"ultraviolet","190717","201434",2017-07-21 20:14:34,85
"86",0.738955795764923,"Low",NA,NA,NA,NA,190717201436,"ultraviolet","190717","201436",2017-07-21 20:14:36,86
"87",NA,NA,98409.5,245.6875,31.75,NA,190717201438,"pressure_temperature","190717","201438",2017-07-21 20:14:38,87
"88",NA,NA,NA,NA,NA,70.851203918457,190717201438,"humidity","190717","201438",2017-07-21 20:14:38,88
"89",0.793842017650604,"Low",NA,NA,NA,NA,190717201438,"ultraviolet","190717","201438",2017-07-21 20:14:38,89
"90",0.756358742713928,"Low",NA,NA,NA,NA,190717201440,"ultraviolet","190717","201440",2017-07-21 20:14:40,90
"91",0.673360109329224,"Low",NA,NA,NA,NA,190717201442,"ultraviolet","190717","201442",2017-07-21 20:14:42,91
"92",NA,NA,98421.5,244.4375,31.9375,NA,190717201443,"pressure_temperature","190717","201443",2017-07-21 20:14:43,92
"93",NA,NA,NA,NA,NA,70.6300277709961,190717201443,"humidity","190717","201443",2017-07-21 20:14:43,93
"94",0.697456479072571,"Low",NA,NA,NA,NA,190717201444,"ultraviolet","190717","201444",2017-07-21 20:14:44,94
"95",0.698795199394226,"Low",NA,NA,NA,NA,190717201446,"ultraviolet","190717","201446",2017-07-21 20:14:46,95
"96",NA,NA,98425,243.9375,32.1875,NA,190717201448,"pressure_temperature","190717","201448",2017-07-21 20:14:48,96
"97",NA,NA,NA,NA,NA,71.0142135620117,190717201448,"humidity","190717","201448",2017-07-21 20:14:48,97
"98",0.740294516086578,"Low",NA,NA,NA,NA,190717201448,"ultraviolet","190717","201448",2017-07-21 20:14:48,98
"99",0.751003980636597,"Low",NA,NA,NA,NA,190717201450,"ultraviolet","190717","201450",2017-07-21 20:14:50,99
"100",0.777777791023254,"Low",NA,NA,NA,NA,190717201452,"ultraviolet","190717","201452",2017-07-21 20:14:52,100
"101",NA,NA,98428.25,243.9375,32.375,NA,190717201453,"pressure_temperature","190717","201453",2017-07-21 20:14:53,101
"102",NA,NA,NA,NA,NA,71.1420364379883,190717201453,"humidity","190717","201453",2017-07-21 20:14:53,102
"103",0.531459152698517,"Low",NA,NA,NA,NA,190717201454,"ultraviolet","190717","201454",2017-07-21 20:14:54,103
"104",0.357429713010788,"Low",NA,NA,NA,NA,190717201456,"ultraviolet","190717","201456",2017-07-21 20:14:56,104
"105",NA,NA,98455.25,241.125,32.5,NA,190717201458,"pressure_temperature","190717","201458",2017-07-21 20:14:58,105
"106",NA,NA,NA,NA,NA,70.2228622436523,190717201458,"humidity","190717","201458",2017-07-21 20:14:58,106
"107",0.305220872163773,"Low",NA,NA,NA,NA,190717201458,"ultraviolet","190717","201458",2017-07-21 20:14:58,107
"108",0.465863436460495,"Low",NA,NA,NA,NA,190717201500,"ultraviolet","190717","201500",2017-07-21 20:15:00,108
"109",0.647925019264221,"Low",NA,NA,NA,NA,190717201502,"ultraviolet","190717","201502",2017-07-21 20:15:02,109
"110",NA,NA,98438.75,243.0625,32.75,NA,190717201503,"pressure_temperature","190717","201503",2017-07-21 20:15:03,110
"111",NA,NA,NA,NA,NA,71.4199371337891,190717201503,"humidity","190717","201503",2017-07-21 20:15:03,111
"112",0.3882195353508,"Low",NA,NA,NA,NA,190717201504,"ultraviolet","190717","201504",2017-07-21 20:15:04,112
"113",0.381526112556458,"Low",NA,NA,NA,NA,190717201506,"ultraviolet","190717","201506",2017-07-21 20:15:06,113
"114",NA,NA,98440.75,242.5625,32.875,NA,190717201508,"pressure_temperature","190717","201508",2017-07-21 20:15:08,114
"115",NA,NA,NA,NA,NA,70.3176498413086,190717201508,"humidity","190717","201508",2017-07-21 20:15:08,115
"116",0.443105757236481,"Low",NA,NA,NA,NA,190717201508,"ultraviolet","190717","201508",2017-07-21 20:15:08,116
"117",0.54216867685318,"Low",NA,NA,NA,NA,190717201510,"ultraviolet","190717","201510",2017-07-21 20:15:10,117
"118",0.455153942108154,"Low",NA,NA,NA,NA,190717201512,"ultraviolet","190717","201512",2017-07-21 20:15:12,118
"119",NA,NA,98472.75,240.625,33.0625,NA,190717201513,"pressure_temperature","190717","201513",2017-07-21 20:15:13,119
"120",NA,NA,NA,NA,NA,70.5883712768555,190717201513,"humidity","190717","201513",2017-07-21 20:15:13,120
"121",0.353413641452789,"Low",NA,NA,NA,NA,190717201514,"ultraviolet","190717","201514",2017-07-21 20:15:14,121
"122",0.59170013666153,"Low",NA,NA,NA,NA,190717201515,"ultraviolet","190717","201515",2017-07-21 20:15:15,122
"123",NA,NA,98501.5,238.6875,33.25,NA,190717201518,"pressure_temperature","190717","201518",2017-07-21 20:15:18,123
"124",NA,NA,NA,NA,NA,71.0235443115234,190717201518,"humidity","190717","201518",2017-07-21 20:15:18,124
"125",0.518072307109833,"Low",NA,NA,NA,NA,190717201518,"ultraviolet","190717","201518",2017-07-21 20:15:18,125
"126",0.350736290216446,"Low",NA,NA,NA,NA,190717201520,"ultraviolet","190717","201520",2017-07-21 20:15:20,126
"127",0.437750995159149,"Low",NA,NA,NA,NA,190717201522,"ultraviolet","190717","201522",2017-07-21 20:15:22,127
"128",NA,NA,98526.25,235.625,33.4375,NA,190717201523,"pressure_temperature","190717","201523",2017-07-21 20:15:23,128
"129",NA,NA,NA,NA,NA,71.096076965332,190717201523,"humidity","190717","201523",2017-07-21 20:15:23,129
"130",0.396251678466797,"Low",NA,NA,NA,NA,190717201524,"ultraviolet","190717","201524",2017-07-21 20:15:24,130
"131",0.50736278295517,"Low",NA,NA,NA,NA,190717201525,"ultraviolet","190717","201525",2017-07-21 20:15:25,131
"132",NA,NA,98532.5,235.5,33.625,NA,190717201528,"pressure_temperature","190717","201528",2017-07-21 20:15:28,132
"133",NA,NA,NA,NA,NA,71.8773727416992,190717201528,"humidity","190717","201528",2017-07-21 20:15:28,133
"134",0.621151268482208,"Low",NA,NA,NA,NA,190717201528,"ultraviolet","190717","201528",2017-07-21 20:15:28,134
"135",0.662650585174561,"Low",NA,NA,NA,NA,190717201530,"ultraviolet","190717","201530",2017-07-21 20:15:30,135
"136",0.748326659202576,"Low",NA,NA,NA,NA,190717201531,"ultraviolet","190717","201531",2017-07-21 20:15:31,136
"137",NA,NA,98533.25,235.1875,33.875,NA,190717201533,"pressure_temperature","190717","201533",2017-07-21 20:15:33,137
"138",NA,NA,NA,NA,NA,71.9247665405273,190717201533,"humidity","190717","201533",2017-07-21 20:15:33,138
"139",0.566265046596527,"Low",NA,NA,NA,NA,190717201534,"ultraviolet","190717","201534",2017-07-21 20:15:34,139
"140",0.570281147956848,"Low",NA,NA,NA,NA,190717201536,"ultraviolet","190717","201536",2017-07-21 20:15:36,140
"141",NA,NA,98541.25,234.4375,34.0625,NA,190717201538,"pressure_temperature","190717","201538",2017-07-21 20:15:38,141
"142",NA,NA,NA,NA,NA,71.2863693237305,190717201538,"humidity","190717","201538",2017-07-21 20:15:38,142
"143",0.574297189712524,"Low",NA,NA,NA,NA,190717201538,"ultraviolet","190717","201538",2017-07-21 20:15:38,143
"144",0.380187422037125,"Low",NA,NA,NA,NA,190717201540,"ultraviolet","190717","201540",2017-07-21 20:15:40,144
"145",0.244979918003082,"Low",NA,NA,NA,NA,190717201542,"ultraviolet","190717","201542",2017-07-21 20:15:42,145
"146",NA,NA,98586,230.5,34.1875,NA,190717201543,"pressure_temperature","190717","201543",2017-07-21 20:15:43,146
"147",NA,NA,NA,NA,NA,70.5050735473633,190717201543,"humidity","190717","201543",2017-07-21 20:15:43,147
"148",0.0441767051815987,"Low",NA,NA,NA,NA,190717201544,"ultraviolet","190717","201544",2017-07-21 20:15:44,148
"149",0.0816599726676941,"Low",NA,NA,NA,NA,190717201546,"ultraviolet","190717","201546",2017-07-21 20:15:46,149
"150",NA,NA,98560.5,232.6875,34.3125,NA,190717201548,"pressure_temperature","190717","201548",2017-07-21 20:15:48,150
"151",NA,NA,NA,NA,NA,70.3822784423828,190717201548,"humidity","190717","201548",2017-07-21 20:15:48,151
"152",0.0990629196166992,"Low",NA,NA,NA,NA,190717201548,"ultraviolet","190717","201548",2017-07-21 20:15:48,152
"153",0.475234270095825,"Low",NA,NA,NA,NA,190717201550,"ultraviolet","190717","201550",2017-07-21 20:15:50,153
"154",0.489959836006165,"Low",NA,NA,NA,NA,190717201552,"ultraviolet","190717","201552",2017-07-21 20:15:52,154
"155",NA,NA,98564.5,234.3125,34.5,NA,190717201553,"pressure_temperature","190717","201553",2017-07-21 20:15:53,155
"156",NA,NA,NA,NA,NA,70.8655624389648,190717201553,"humidity","190717","201553",2017-07-21 20:15:53,156
"157",0.112449795007706,"Low",NA,NA,NA,NA,190717201554,"ultraviolet","190717","201554",2017-07-21 20:15:54,157
"158",0.0535475239157677,"Low",NA,NA,NA,NA,190717201556,"ultraviolet","190717","201556",2017-07-21 20:15:56,158
"159",NA,NA,98548.75,233.1875,34.5625,NA,190717201558,"pressure_temperature","190717","201558",2017-07-21 20:15:58,159
"160",NA,NA,NA,NA,NA,70.5115356445312,190717201558,"humidity","190717","201558",2017-07-21 20:15:58,160
"161",0.082998663187027,"Low",NA,NA,NA,NA,190717201558,"ultraviolet","190717","201558",2017-07-21 20:15:58,161
"162",0.424364119768143,"Low",NA,NA,NA,NA,190717201600,"ultraviolet","190717","201600",2017-07-21 20:16:00,162
"163",0.43239626288414,"Low",NA,NA,NA,NA,190717201602,"ultraviolet","190717","201602",2017-07-21 20:16:02,163
"164",NA,NA,98554,234.6875,34.75,NA,190717201603,"pressure_temperature","190717","201603",2017-07-21 20:16:03,164
"165",NA,NA,NA,NA,NA,71.1607055664062,190717201603,"humidity","190717","201603",2017-07-21 20:16:03,165
"166",0.222222223877907,"Low",NA,NA,NA,NA,190717201604,"ultraviolet","190717","201604",2017-07-21 20:16:04,166
"167",0.188755020499229,"Low",NA,NA,NA,NA,190717201606,"ultraviolet","190717","201606",2017-07-21 20:16:06,167
"168",NA,NA,98534.25,234.5,34.875,NA,190717201608,"pressure_temperature","190717","201608",2017-07-21 20:16:08,168
"169",NA,NA,NA,NA,NA,70.6199722290039,190717201608,"humidity","190717","201608",2017-07-21 20:16:08,169
"170",0.232931718230247,"Low",NA,NA,NA,NA,190717201608,"ultraviolet","190717","201608",2017-07-21 20:16:08,170
"171",0.396251678466797,"Low",NA,NA,NA,NA,190717201610,"ultraviolet","190717","201610",2017-07-21 20:16:10,171
"172",0.452476561069489,"Low",NA,NA,NA,NA,190717201612,"ultraviolet","190717","201612",2017-07-21 20:16:12,172
"173",NA,NA,98502,237.875,35.0625,NA,190717201613,"pressure_temperature","190717","201613",2017-07-21 20:16:13,173
"174",NA,NA,NA,NA,NA,70.7585678100586,190717201613,"humidity","190717","201613",2017-07-21 20:16:13,174
"175",0.618473887443542,"Low",NA,NA,NA,NA,190717201614,"ultraviolet","190717","201614",2017-07-21 20:16:14,175
"176",0.540829956531525,"Low",NA,NA,NA,NA,190717201616,"ultraviolet","190717","201616",2017-07-21 20:16:16,176
"177",NA,NA,98534.25,236.4375,35.1875,NA,190717201618,"pressure_temperature","190717","201618",2017-07-21 20:16:18,177
"178",NA,NA,NA,NA,NA,71.305046081543,190717201618,"humidity","190717","201618",2017-07-21 20:16:18,178
"179",0.405622482299805,"Low",NA,NA,NA,NA,190717201618,"ultraviolet","190717","201618",2017-07-21 20:16:18,179
"180",0.301204830408096,"Low",NA,NA,NA,NA,190717201620,"ultraviolet","190717","201620",2017-07-21 20:16:20,180
"181",0.337349385023117,"Low",NA,NA,NA,NA,190717201622,"ultraviolet","190717","201622",2017-07-21 20:16:22,181
"182",NA,NA,NA,NA,NA,71.0364685058594,190717201623,"humidity","190717","201623",2017-07-21 20:16:23,182
"183",NA,NA,98519.5,236.125,35.375,NA,190717201623,"pressure_temperature","190717","201623",2017-07-21 20:16:23,183
"184",0.597054898738861,"Low",NA,NA,NA,NA,190717201624,"ultraviolet","190717","201624",2017-07-21 20:16:24,184
"185",0.812583684921265,"Low",NA,NA,NA,NA,190717201626,"ultraviolet","190717","201626",2017-07-21 20:16:26,185
"186",NA,NA,98533.75,235.125,35.5625,NA,190717201628,"pressure_temperature","190717","201628",2017-07-21 20:16:28,186
"187",NA,NA,NA,NA,NA,72.479866027832,190717201628,"humidity","190717","201628",2017-07-21 20:16:28,187
"188",0.799196779727936,"Low",NA,NA,NA,NA,190717201628,"ultraviolet","190717","201628",2017-07-21 20:16:28,188
"189",0.819277107715607,"Low",NA,NA,NA,NA,190717201630,"ultraviolet","190717","201630",2017-07-21 20:16:30,189
"190",0.870147228240967,"Low",NA,NA,NA,NA,190717201632,"ultraviolet","190717","201632",2017-07-21 20:16:32,190
"191",NA,NA,98548.5,233.3125,35.75,NA,190717201633,"pressure_temperature","190717","201633",2017-07-21 20:16:33,191
"192",NA,NA,NA,NA,NA,72.8015747070312,190717201633,"humidity","190717","201633",2017-07-21 20:16:33,192
"193",0.816599726676941,"Low",NA,NA,NA,NA,190717201634,"ultraviolet","190717","201634",2017-07-21 20:16:34,193
"194",0.851405620574951,"Low",NA,NA,NA,NA,190717201636,"ultraviolet","190717","201636",2017-07-21 20:16:36,194
"195",NA,NA,98569.25,231.9375,35.875,NA,190717201638,"pressure_temperature","190717","201638",2017-07-21 20:16:38,195
"196",NA,NA,NA,NA,NA,72.9401702880859,190717201638,"humidity","190717","201638",2017-07-21 20:16:38,196
"197",0.827309250831604,"Low",NA,NA,NA,NA,190717201638,"ultraviolet","190717","201638",2017-07-21 20:16:38,197
"198",0.645247638225555,"Low",NA,NA,NA,NA,190717201640,"ultraviolet","190717","201640",2017-07-21 20:16:40,198
"199",0.791164636611938,"Low",NA,NA,NA,NA,190717201642,"ultraviolet","190717","201642",2017-07-21 20:16:42,199
"200",NA,NA,98585,230.875,36.0625,NA,190717201643,"pressure_temperature","190717","201643",2017-07-21 20:16:43,200
"201",NA,NA,NA,NA,NA,72.774284362793,190717201643,"humidity","190717","201643",2017-07-21 20:16:43,201
"202",0.582329332828522,"Low",NA,NA,NA,NA,190717201644,"ultraviolet","190717","201644",2017-07-21 20:16:44,202
"203",0.751003980636597,"Low",NA,NA,NA,NA,190717201646,"ultraviolet","190717","201646",2017-07-21 20:16:46,203
"204",NA,NA,98589.5,230.4375,36.25,NA,190717201648,"pressure_temperature","190717","201648",2017-07-21 20:16:48,204
"205",NA,NA,NA,NA,NA,72.7304840087891,190717201648,"humidity","190717","201648",2017-07-21 20:16:48,205
"206",0.730923712253571,"Low",NA,NA,NA,NA,190717201648,"ultraviolet","190717","201648",2017-07-21 20:16:48,206
"207",0.413654625415802,"Low",NA,NA,NA,NA,190717201650,"ultraviolet","190717","201650",2017-07-21 20:16:50,207
"208",0.262382864952087,"Low",NA,NA,NA,NA,190717201652,"ultraviolet","190717","201652",2017-07-21 20:16:52,208
"209",NA,NA,98634.25,226.1875,36.375,NA,190717201653,"pressure_temperature","190717","201653",2017-07-21 20:16:53,209
"210",NA,NA,NA,NA,NA,71.4278411865234,190717201653,"humidity","190717","201653",2017-07-21 20:16:53,210
"211",0.207496657967567,"Low",NA,NA,NA,NA,190717201654,"ultraviolet","190717","201654",2017-07-21 20:16:54,211
"212",0.161981254816055,"Low",NA,NA,NA,NA,190717201656,"ultraviolet","190717","201656",2017-07-21 20:16:56,212
"213",NA,NA,98651.25,224.9375,36.4375,NA,190717201658,"pressure_temperature","190717","201658",2017-07-21 20:16:58,213
"214",NA,NA,NA,NA,NA,71.5082702636719,190717201658,"humidity","190717","201658",2017-07-21 20:16:58,214
"215",0.212851405143738,"Low",NA,NA,NA,NA,190717201658,"ultraviolet","190717","201658",2017-07-21 20:16:58,215
"216",0.152610436081886,"Low",NA,NA,NA,NA,190717201700,"ultraviolet","190717","201700",2017-07-21 20:17:00,216
"217",0.192771077156067,"Low",NA,NA,NA,NA,190717201702,"ultraviolet","190717","201702",2017-07-21 20:17:02,217
"218",NA,NA,98655.25,224.625,36.5625,NA,190717201703,"pressure_temperature","190717","201703",2017-07-21 20:17:03,218
"219",NA,NA,NA,NA,NA,71.4220962524414,190717201703,"humidity","190717","201703",2017-07-21 20:17:03,219
"220",0.259705483913422,"Low",NA,NA,NA,NA,190717201704,"ultraviolet","190717","201704",2017-07-21 20:17:04,220
"221",0.50736278295517,"Low",NA,NA,NA,NA,190717201706,"ultraviolet","190717","201706",2017-07-21 20:17:06,221
"222",NA,NA,98644.5,225.625,36.6875,NA,190717201708,"pressure_temperature","190717","201708",2017-07-21 20:17:08,222
"223",NA,NA,NA,NA,NA,71.4845733642578,190717201708,"humidity","190717","201708",2017-07-21 20:17:08,223
"224",0.128514051437378,"Low",NA,NA,NA,NA,190717201708,"ultraviolet","190717","201708",2017-07-21 20:17:08,224
"225",0.218206152319908,"Low",NA,NA,NA,NA,190717201710,"ultraviolet","190717","201710",2017-07-21 20:17:10,225
"226",0.258366793394089,"Low",NA,NA,NA,NA,190717201712,"ultraviolet","190717","201712",2017-07-21 20:17:12,226
"227",NA,NA,98639.5,225.625,36.75,NA,190717201713,"pressure_temperature","190717","201713",2017-07-21 20:17:13,227
"228",NA,NA,NA,NA,NA,71.4055786132812,190717201713,"humidity","190717","201713",2017-07-21 20:17:13,228
"229",0.25435072183609,"Low",NA,NA,NA,NA,190717201714,"ultraviolet","190717","201714",2017-07-21 20:17:14,229
"230",0.34805890917778,"Low",NA,NA,NA,NA,190717201716,"ultraviolet","190717","201716",2017-07-21 20:17:16,230
"231",NA,NA,98618.75,227.5,36.875,NA,190717201718,"pressure_temperature","190717","201718",2017-07-21 20:17:18,231
"232",NA,NA,NA,NA,NA,71.6547622680664,190717201718,"humidity","190717","201718",2017-07-21 20:17:18,232
"233",0.331994652748108,"Low",NA,NA,NA,NA,190717201718,"ultraviolet","190717","201718",2017-07-21 20:17:18,233
"234",0.265060245990753,"Low",NA,NA,NA,NA,190717201720,"ultraviolet","190717","201720",2017-07-21 20:17:20,234
"235",0.258366793394089,"Low",NA,NA,NA,NA,190717201722,"ultraviolet","190717","201722",2017-07-21 20:17:22,235
"236",NA,NA,98613.5,228.1875,37,NA,190717201723,"pressure_temperature","190717","201723",2017-07-21 20:17:23,236
"237",NA,NA,NA,NA,NA,71.6296310424805,190717201723,"humidity","190717","201723",2017-07-21 20:17:23,237
"238",0.322623819112778,"Low",NA,NA,NA,NA,190717201724,"ultraviolet","190717","201724",2017-07-21 20:17:24,238
"239",0.336010694503784,"Low",NA,NA,NA,NA,190717201726,"ultraviolet","190717","201726",2017-07-21 20:17:26,239
"240",NA,NA,98606.25,229.1875,37.125,NA,190717201728,"pressure_temperature","190717","201728",2017-07-21 20:17:28,240
"241",NA,NA,NA,NA,NA,71.7861709594727,190717201728,"humidity","190717","201728",2017-07-21 20:17:28,241
"242",0.295850068330765,"Low",NA,NA,NA,NA,190717201728,"ultraviolet","190717","201728",2017-07-21 20:17:28,242
"243",0.31325301527977,"Low",NA,NA,NA,NA,190717201730,"ultraviolet","190717","201730",2017-07-21 20:17:30,243
"244",0.227576971054077,"Low",NA,NA,NA,NA,190717201732,"ultraviolet","190717","201732",2017-07-21 20:17:32,244
"245",NA,NA,98604.75,228.9375,37.25,NA,190717201733,"pressure_temperature","190717","201733",2017-07-21 20:17:33,245
"246",NA,NA,NA,NA,NA,71.7251358032227,190717201733,"humidity","190717","201733",2017-07-21 20:17:33,246
"247",0.175368145108223,"Low",NA,NA,NA,NA,190717201734,"ultraviolet","190717","201734",2017-07-21 20:17:34,247
"248",0.643908977508545,"Low",NA,NA,NA,NA,190717201736,"ultraviolet","190717","201736",2017-07-21 20:17:36,248
"249",NA,NA,98535.75,232.125,37.375,NA,190717201738,"pressure_temperature","190717","201738",2017-07-21 20:17:38,249
"250",NA,NA,NA,NA,NA,73.1872024536133,190717201738,"humidity","190717","201738",2017-07-21 20:17:38,250
"251",0.437750995159149,"Low",NA,NA,NA,NA,190717201738,"ultraviolet","190717","201738",2017-07-21 20:17:38,251
"252",0.692101716995239,"Low",NA,NA,NA,NA,190717201740,"ultraviolet","190717","201740",2017-07-21 20:17:40,252
"253",0.607764363288879,"Low",NA,NA,NA,NA,190717201742,"ultraviolet","190717","201742",2017-07-21 20:17:42,253
"254",NA,NA,98533.5,235.4375,37.5625,NA,190717201743,"pressure_temperature","190717","201743",2017-07-21 20:17:43,254
"255",NA,NA,NA,NA,NA,72.884880065918,190717201743,"humidity","190717","201743",2017-07-21 20:17:43,255
"256",0.404283791780472,"Low",NA,NA,NA,NA,190717201744,"ultraviolet","190717","201744",2017-07-21 20:17:44,256
"257",0.273092359304428,"Low",NA,NA,NA,NA,190717201746,"ultraviolet","190717","201746",2017-07-21 20:17:46,257
"258",NA,NA,98549.25,232.3125,37.625,NA,190717201748,"pressure_temperature","190717","201748",2017-07-21 20:17:48,258
"259",NA,NA,NA,NA,NA,72.0468444824219,190717201748,"humidity","190717","201748",2017-07-21 20:17:48,259
"260",0.30388218164444,"Low",NA,NA,NA,NA,190717201748,"ultraviolet","190717","201748",2017-07-21 20:17:48,260
"261",0.283801883459091,"Low",NA,NA,NA,NA,190717201750,"ultraviolet","190717","201750",2017-07-21 20:17:50,261
"262",0.615796506404877,"Low",NA,NA,NA,NA,190717201752,"ultraviolet","190717","201752",2017-07-21 20:17:52,262
"263",NA,NA,98522.25,235.6875,37.8125,NA,190717201752,"pressure_temperature","190717","201752",2017-07-21 20:17:52,263
"264",NA,NA,NA,NA,NA,73.3293838500977,190717201753,"humidity","190717","201753",2017-07-21 20:17:53,264
"265",0.354752331972122,"Low",NA,NA,NA,NA,190717201754,"ultraviolet","190717","201754",2017-07-21 20:17:54,265
"266",0.376171350479126,"Low",NA,NA,NA,NA,190717201755,"ultraviolet","190717","201755",2017-07-21 20:17:55,266
"267",NA,NA,98533.5,235.375,37.875,NA,190717201758,"pressure_temperature","190717","201758",2017-07-21 20:17:58,267
"268",NA,NA,NA,NA,NA,72.3699951171875,190717201758,"humidity","190717","201758",2017-07-21 20:17:58,268
"269",0.3882195353508,"Low",NA,NA,NA,NA,190717201758,"ultraviolet","190717","201758",2017-07-21 20:17:58,269
"270",0.417670667171478,"Low",NA,NA,NA,NA,190717201759,"ultraviolet","190717","201759",2017-07-21 20:17:59,270
"271",0.218206152319908,"Low",NA,NA,NA,NA,190717201801,"ultraviolet","190717","201801",2017-07-21 20:18:01,271
"272",NA,NA,98553.5,233.125,38,NA,190717201803,"pressure_temperature","190717","201803",2017-07-21 20:18:03,272
"273",NA,NA,NA,NA,NA,71.9326705932617,190717201803,"humidity","190717","201803",2017-07-21 20:18:03,273
"274",0.222222223877907,"Low",NA,NA,NA,NA,190717201804,"ultraviolet","190717","201804",2017-07-21 20:18:04,274
"275",0.657295823097229,"Low",NA,NA,NA,NA,190717201805,"ultraviolet","190717","201805",2017-07-21 20:18:05,275
"276",NA,NA,98522.25,235.875,38.1875,NA,190717201808,"pressure_temperature","190717","201808",2017-07-21 20:18:08,276
"277",NA,NA,NA,NA,NA,74.2679443359375,190717201808,"humidity","190717","201808",2017-07-21 20:18:08,277
"278",0.852744281291962,"Low",NA,NA,NA,NA,190717201808,"ultraviolet","190717","201808",2017-07-21 20:18:08,278
"279",0.832663953304291,"Low",NA,NA,NA,NA,190717201810,"ultraviolet","190717","201810",2017-07-21 20:18:10,279
"280",0.917001307010651,"Low",NA,NA,NA,NA,190717201812,"ultraviolet","190717","201812",2017-07-21 20:18:12,280
"281",NA,NA,98513.25,236.875,38.375,NA,190717201813,"pressure_temperature","190717","201813",2017-07-21 20:18:13,281
"282",NA,NA,NA,NA,NA,74.4941482543945,190717201813,"humidity","190717","201813",2017-07-21 20:18:13,282
"283",0.894243657588959,"Low",NA,NA,NA,NA,190717201814,"ultraviolet","190717","201814",2017-07-21 20:18:14,283
"284",0.985274434089661,"Low",NA,NA,NA,NA,190717201815,"ultraviolet","190717","201815",2017-07-21 20:18:15,284
"285",NA,NA,98499.75,237.75,38.5625,NA,190717201818,"pressure_temperature","190717","201818",2017-07-21 20:18:18,285
"286",NA,NA,NA,NA,NA,74.5645217895508,190717201818,"humidity","190717","201818",2017-07-21 20:18:18,286
"287",1.02008032798767,"Low",NA,NA,NA,NA,190717201818,"ultraviolet","190717","201818",2017-07-21 20:18:18,287
"288",1.03078985214233,"Low",NA,NA,NA,NA,190717201819,"ultraviolet","190717","201819",2017-07-21 20:18:19,288
"289",1.04417669773102,"Low",NA,NA,NA,NA,190717201822,"ultraviolet","190717","201822",2017-07-21 20:18:22,289
"290",NA,NA,98499,237.8125,38.75,NA,190717201822,"pressure_temperature","190717","201822",2017-07-21 20:18:22,290
"291",NA,NA,NA,NA,NA,74.6851654052734,190717201822,"humidity","190717","201822",2017-07-21 20:18:22,291
"292",1.06693434715271,"Low",NA,NA,NA,NA,190717201824,"ultraviolet","190717","201824",2017-07-21 20:18:24,292
"293",1.06024098396301,"Low",NA,NA,NA,NA,190717201826,"ultraviolet","190717","201826",2017-07-21 20:18:26,293
"294",NA,NA,98487.5,238.8125,38.9375,NA,190717201828,"pressure_temperature","190717","201828",2017-07-21 20:18:28,294
"295",NA,NA,NA,NA,NA,74.8424301147461,190717201828,"humidity","190717","201828",2017-07-21 20:18:28,295
"296",1.06157958507538,"Low",NA,NA,NA,NA,190717201828,"ultraviolet","190717","201828",2017-07-21 20:18:28,296
"297",1.12182056903839,"Low",NA,NA,NA,NA,190717201830,"ultraviolet","190717","201830",2017-07-21 20:18:30,297
"298",1.15127170085907,"Low",NA,NA,NA,NA,190717201832,"ultraviolet","190717","201832",2017-07-21 20:18:32,298
"299",NA,NA,98481.25,239.625,39.125,NA,190717201833,"pressure_temperature","190717","201833",2017-07-21 20:18:33,299
"300",NA,NA,NA,NA,NA,75.1469116210938,190717201833,"humidity","190717","201833",2017-07-21 20:18:33,300
"301",1.17135202884674,"Low",NA,NA,NA,NA,190717201834,"ultraviolet","190717","201834",2017-07-21 20:18:34,301
"302",1.21419012546539,"Low",NA,NA,NA,NA,190717201836,"ultraviolet","190717","201836",2017-07-21 20:18:36,302
"303",NA,NA,98480,239.5,39.375,NA,190717201838,"pressure_temperature","190717","201838",2017-07-21 20:18:38,303
"304",NA,NA,NA,NA,NA,29.3540267944336,190717201838,"humidity","190717","201838",2017-07-21 20:18:38,304
"305",1.41499328613281,"Low",NA,NA,NA,NA,190717201838,"ultraviolet","190717","201838",2017-07-21 20:18:38,305
"306",1.37884867191315,"Low",NA,NA,NA,NA,190717201840,"ultraviolet","190717","201840",2017-07-21 20:18:40,306
"307",1.3293172121048,"Low",NA,NA,NA,NA,190717201842,"ultraviolet","190717","201842",2017-07-21 20:18:42,307
"308",NA,NA,98485,239.375,39.5625,NA,190717201843,"pressure_temperature","190717","201843",2017-07-21 20:18:43,308
"309",NA,NA,NA,NA,NA,29.1048431396484,190717201843,"humidity","190717","201843",2017-07-21 20:18:43,309
"310",1.26372158527374,"Low",NA,NA,NA,NA,190717201844,"ultraviolet","190717","201844",2017-07-21 20:18:44,310
"311",1.24364125728607,"Low",NA,NA,NA,NA,190717201845,"ultraviolet","190717","201845",2017-07-21 20:18:45,311
"312",NA,NA,98484.75,239.375,39.8125,NA,190717201847,"pressure_temperature","190717","201847",2017-07-21 20:18:47,312
"313",NA,NA,NA,NA,NA,29.9227657318115,190717201848,"humidity","190717","201848",2017-07-21 20:18:48,313
"314",1.49397587776184,"Low",NA,NA,NA,NA,190717201848,"ultraviolet","190717","201848",2017-07-21 20:18:48,314
"315",2.03748321533203,"Low",NA,NA,NA,NA,190717201850,"ultraviolet","190717","201850",2017-07-21 20:18:50,315
"316",2.65863442420959,"Low",NA,NA,NA,NA,190717201852,"ultraviolet","190717","201852",2017-07-21 20:18:52,316
"317",NA,NA,98505,237.6875,40.25,NA,190717201852,"pressure_temperature","190717","201852",2017-07-21 20:18:52,317
"318",NA,NA,NA,NA,NA,39.1540145874023,190717201853,"humidity","190717","201853",2017-07-21 20:18:53,318
"319",3.03078985214233,"Moderate",NA,NA,NA,NA,190717201854,"ultraviolet","190717","201854",2017-07-21 20:18:54,319
"320",3.13520741462708,"Moderate",NA,NA,NA,NA,190717201855,"ultraviolet","190717","201855",2017-07-21 20:18:55,320
"321",NA,NA,98509.25,237.5,40.625,NA,190717201858,"pressure_temperature","190717","201858",2017-07-21 20:18:58,321
"322",NA,NA,NA,NA,NA,42.5599899291992,190717201858,"humidity","190717","201858",2017-07-21 20:18:58,322
"323",3.15528774261475,"Moderate",NA,NA,NA,NA,190717201858,"ultraviolet","190717","201858",2017-07-21 20:18:58,323
"324",3.58634543418884,"Moderate",NA,NA,NA,NA,190717201859,"ultraviolet","190717","201859",2017-07-21 20:18:59,324
"325",3.66666674613953,"Moderate",NA,NA,NA,NA,190717201902,"ultraviolet","190717","201902",2017-07-21 20:19:02,325
"326",NA,NA,98538,234.3125,41.375,NA,190717201902,"pressure_temperature","190717","201902",2017-07-21 20:19:02,326
"327",NA,NA,NA,NA,NA,42.4881782531738,190717201902,"humidity","190717","201902",2017-07-21 20:19:02,327
"328",3.70816588401794,"Moderate",NA,NA,NA,NA,190717201904,"ultraviolet","190717","201904",2017-07-21 20:19:04,328
"329",3.43908977508545,"Moderate",NA,NA,NA,NA,190717201905,"ultraviolet","190717","201905",2017-07-21 20:19:05,329
"330",NA,NA,98523.5,236.0625,41.9375,NA,190717201907,"pressure_temperature","190717","201907",2017-07-21 20:19:07,330
"331",NA,NA,NA,NA,NA,41.0706405639648,190717201907,"humidity","190717","201907",2017-07-21 20:19:07,331
"332",3.3614456653595,"Moderate",NA,NA,NA,NA,190717201907,"ultraviolet","190717","201907",2017-07-21 20:19:07,332
"333",3.6104416847229,"Moderate",NA,NA,NA,NA,190717201910,"ultraviolet","190717","201910",2017-07-21 20:19:10,333
"334",3.54350733757019,"Moderate",NA,NA,NA,NA,190717201912,"ultraviolet","190717","201912",2017-07-21 20:19:12,334
"335",NA,NA,98487,237.9375,42.4375,NA,190717201912,"pressure_temperature","190717","201912",2017-07-21 20:19:12,335
"336",NA,NA,NA,NA,NA,41.8677368164062,190717201913,"humidity","190717","201913",2017-07-21 20:19:13,336
"337",2.96117806434631,"Low",NA,NA,NA,NA,190717201914,"ultraviolet","190717","201914",2017-07-21 20:19:14,337
"338",2.43239617347717,"Low",NA,NA,NA,NA,190717201915,"ultraviolet","190717","201915",2017-07-21 20:19:15,338
"339",NA,NA,98467.75,240.4375,42.625,NA,190717201917,"pressure_temperature","190717","201917",2017-07-21 20:19:17,339
"340",NA,NA,NA,NA,NA,35.8234405517578,190717201917,"humidity","190717","201917",2017-07-21 20:19:17,340
"341",2.34270405769348,"Low",NA,NA,NA,NA,190717201917,"ultraviolet","190717","201917",2017-07-21 20:19:17,341
"342",2.11111116409302,"Low",NA,NA,NA,NA,190717201919,"ultraviolet","190717","201919",2017-07-21 20:19:19,342
"343",1.87817931175232,"Low",NA,NA,NA,NA,190717201922,"ultraviolet","190717","201922",2017-07-21 20:19:22,343
"344",NA,NA,98471.75,240.3125,42.8125,NA,190717201922,"pressure_temperature","190717","201922",2017-07-21 20:19:22,344
"345",NA,NA,NA,NA,NA,32.628589630127,190717201922,"humidity","190717","201922",2017-07-21 20:19:22,345
"346",1.81124496459961,"Low",NA,NA,NA,NA,190717201924,"ultraviolet","190717","201924",2017-07-21 20:19:24,346
"347",2.04417657852173,"Low",NA,NA,NA,NA,190717201925,"ultraviolet","190717","201925",2017-07-21 20:19:25,347
"348",NA,NA,98475.25,240.0625,43,NA,190717201928,"pressure_temperature","190717","201928",2017-07-21 20:19:28,348
"349",NA,NA,NA,NA,NA,33.347412109375,190717201928,"humidity","190717","201928",2017-07-21 20:19:28,349
"350",2.03480577468872,"Low",NA,NA,NA,NA,190717201928,"ultraviolet","190717","201928",2017-07-21 20:19:28,350
"351",1.86479246616364,"Low",NA,NA,NA,NA,190717201930,"ultraviolet","190717","201930",2017-07-21 20:19:30,351
"352",1.87014722824097,"Low",NA,NA,NA,NA,190717201932,"ultraviolet","190717","201932",2017-07-21 20:19:32,352
"353",NA,NA,98464,240.875,43.1875,NA,190717201933,"pressure_temperature","190717","201933",2017-07-21 20:19:33,353
"354",NA,NA,NA,NA,NA,32.4864044189453,190717201933,"humidity","190717","201933",2017-07-21 20:19:33,354
"355",1.86345374584198,"Low",NA,NA,NA,NA,190717201934,"ultraviolet","190717","201934",2017-07-21 20:19:34,355
"356",1.7282463312149,"Low",NA,NA,NA,NA,190717201935,"ultraviolet","190717","201935",2017-07-21 20:19:35,356
"357",NA,NA,98455,241.5,43.3125,NA,190717201937,"pressure_temperature","190717","201937",2017-07-21 20:19:37,357
"358",NA,NA,NA,NA,NA,31.876012802124,190717201938,"humidity","190717","201938",2017-07-21 20:19:38,358
"359",1.69745647907257,"Low",NA,NA,NA,NA,190717201938,"ultraviolet","190717","201938",2017-07-21 20:19:38,359
"360",1.91967868804932,"Low",NA,NA,NA,NA,190717201940,"ultraviolet","190717","201940",2017-07-21 20:19:40,360
"361",2.42704153060913,"Low",NA,NA,NA,NA,190717201942,"ultraviolet","190717","201942",2017-07-21 20:19:42,361
"362",NA,NA,98479.75,240.375,43.6875,NA,190717201942,"pressure_temperature","190717","201942",2017-07-21 20:19:42,362
"363",NA,NA,NA,NA,NA,36.0912933349609,190717201943,"humidity","190717","201943",2017-07-21 20:19:43,363
"364",2.67737603187561,"Low",NA,NA,NA,NA,190717201943,"ultraviolet","190717","201943",2017-07-21 20:19:43,364
"365",3.20348048210144,"Moderate",NA,NA,NA,NA,190717201945,"ultraviolet","190717","201945",2017-07-21 20:19:45,365
"366",NA,NA,98557,234.625,44.0625,NA,190717201947,"pressure_temperature","190717","201947",2017-07-21 20:19:47,366
"367",NA,NA,NA,NA,NA,44.8198699951172,190717201947,"humidity","190717","201947",2017-07-21 20:19:47,367
"368",3.30522084236145,"Moderate",NA,NA,NA,NA,190717201947,"ultraviolet","190717","201947",2017-07-21 20:19:47,368
"369",1.01740288734436,"Low",NA,NA,NA,NA,190717201949,"ultraviolet","190717","201949",2017-07-21 20:19:49,369
"370",0.534136533737183,"Low",NA,NA,NA,NA,190717201952,"ultraviolet","190717","201952",2017-07-21 20:19:52,370
"371",NA,NA,98480.5,239.5,44.125,NA,190717201952,"pressure_temperature","190717","201952",2017-07-21 20:19:52,371
"372",NA,NA,NA,NA,NA,36.6219749450684,190717201953,"humidity","190717","201953",2017-07-21 20:19:53,372
"373",0.398929059505463,"Low",NA,NA,NA,NA,190717201954,"ultraviolet","190717","201954",2017-07-21 20:19:54,373
"374",0.927710831165314,"Low",NA,NA,NA,NA,190717201955,"ultraviolet","190717","201955",2017-07-21 20:19:55,374
"375",NA,NA,98483,239.5,44.1875,NA,190717201957,"pressure_temperature","190717","201957",2017-07-21 20:19:57,375
"376",NA,NA,NA,NA,NA,33.1844024658203,190717201958,"humidity","190717","201958",2017-07-21 20:19:58,376
"377",1.26639890670776,"Low",NA,NA,NA,NA,190717201958,"ultraviolet","190717","201958",2017-07-21 20:19:58,377
"378",0.409638553857803,"Low",NA,NA,NA,NA,190717201959,"ultraviolet","190717","201959",2017-07-21 20:19:59,378
"379",0.497991949319839,"Low",NA,NA,NA,NA,190717202001,"ultraviolet","190717","202001",2017-07-21 20:20:01,379
"380",NA,NA,98460.25,241.5,44.1875,NA,190717202002,"pressure_temperature","190717","202002",2017-07-21 20:20:02,380
"381",NA,NA,NA,NA,NA,74.9874877929688,190717202002,"humidity","190717","202002",2017-07-21 20:20:02,381
"382",2.05220890045166,"Low",NA,NA,NA,NA,190717202004,"ultraviolet","190717","202004",2017-07-21 20:20:04,382
"383",3.18607759475708,"Moderate",NA,NA,NA,NA,190717202005,"ultraviolet","190717","202005",2017-07-21 20:20:05,383
"384",NA,NA,98497.5,233.875,44.5625,NA,190717202008,"pressure_temperature","190717","202008",2017-07-21 20:20:08,384
"385",NA,NA,NA,NA,NA,44.6396255493164,190717202008,"humidity","190717","202008",2017-07-21 20:20:08,385
"386",3.2141900062561,"Moderate",NA,NA,NA,NA,190717202008,"ultraviolet","190717","202008",2017-07-21 20:20:08,386
"387",2.42838025093079,"Low",NA,NA,NA,NA,190717202010,"ultraviolet","190717","202010",2017-07-21 20:20:10,387
"388",0.360107094049454,"Low",NA,NA,NA,NA,190717202012,"ultraviolet","190717","202012",2017-07-21 20:20:12,388
"389",NA,NA,98438,243.25,44.6875,NA,190717202012,"pressure_temperature","190717","202012",2017-07-21 20:20:12,389
"390",NA,NA,NA,NA,NA,75.6510162353516,190717202013,"humidity","190717","202013",2017-07-21 20:20:13,390
"391",1.01606428623199,"Low",NA,NA,NA,NA,190717202014,"ultraviolet","190717","202014",2017-07-21 20:20:14,391
"392",3.44979906082153,"Moderate",NA,NA,NA,NA,190717202015,"ultraviolet","190717","202015",2017-07-21 20:20:15,392
"393",NA,NA,98441.5,242.3125,45.0625,NA,190717202017,"pressure_temperature","190717","202017",2017-07-21 20:20:17,393
"394",NA,NA,NA,NA,NA,45.9867897033691,190717202018,"humidity","190717","202018",2017-07-21 20:20:18,394
"395",2.38018751144409,"Low",NA,NA,NA,NA,190717202018,"ultraviolet","190717","202018",2017-07-21 20:20:18,395
"396",1.34136545658112,"Low",NA,NA,NA,NA,190717202020,"ultraviolet","190717","202020",2017-07-21 20:20:20,396
"397",0.374832659959793,"Low",NA,NA,NA,NA,190717202022,"ultraviolet","190717","202022",2017-07-21 20:20:22,397
"398",NA,NA,98433.5,243.75,45.0625,NA,190717202022,"pressure_temperature","190717","202022",2017-07-21 20:20:22,398
"399",NA,NA,NA,NA,NA,36.1214561462402,190717202022,"humidity","190717","202022",2017-07-21 20:20:22,399
"400",1.01338684558868,"Low",NA,NA,NA,NA,190717202024,"ultraviolet","190717","202024",2017-07-21 20:20:24,400
"401",2.49263715744019,"Low",NA,NA,NA,NA,190717202025,"ultraviolet","190717","202025",2017-07-21 20:20:25,401
"402",NA,NA,98456.5,241.6875,45.3125,NA,190717202027,"pressure_temperature","190717","202027",2017-07-21 20:20:27,402
"403",NA,NA,NA,NA,NA,36.1666946411133,190717202027,"humidity","190717","202027",2017-07-21 20:20:27,403
"404",0.674698770046234,"Low",NA,NA,NA,NA,190717202027,"ultraviolet","190717","202027",2017-07-21 20:20:27,404
"405",0.911646604537964,"Low",NA,NA,NA,NA,190717202029,"ultraviolet","190717","202029",2017-07-21 20:20:29,405
"406",0.528781771659851,"Low",NA,NA,NA,NA,190717202032,"ultraviolet","190717","202032",2017-07-21 20:20:32,406
"407",NA,NA,98454.5,241.9375,45.3125,NA,190717202032,"pressure_temperature","190717","202032",2017-07-21 20:20:32,407
"408",NA,NA,NA,NA,NA,29.6118259429932,190717202033,"humidity","190717","202033",2017-07-21 20:20:33,408
"409",1.44578313827515,"Low",NA,NA,NA,NA,190717202034,"ultraviolet","190717","202034",2017-07-21 20:20:34,409
"410",0.515394926071167,"Low",NA,NA,NA,NA,190717202035,"ultraviolet","190717","202035",2017-07-21 20:20:35,410
"411",NA,NA,98487,238.8125,45.4375,NA,190717202037,"pressure_temperature","190717","202037",2017-07-21 20:20:37,411
"412",NA,NA,NA,NA,NA,29.2125587463379,190717202038,"humidity","190717","202038",2017-07-21 20:20:38,412
"413",1.18741631507874,"Low",NA,NA,NA,NA,190717202038,"ultraviolet","190717","202038",2017-07-21 20:20:38,413
"414",3.02811241149902,"Moderate",NA,NA,NA,NA,190717202040,"ultraviolet","190717","202040",2017-07-21 20:20:40,414
"415",1.19946455955505,"Low",NA,NA,NA,NA,190717202042,"ultraviolet","190717","202042",2017-07-21 20:20:42,415
"416",NA,NA,98449.25,242.1875,45.75,NA,190717202042,"pressure_temperature","190717","202042",2017-07-21 20:20:42,416
"417",NA,NA,NA,NA,NA,30.3234691619873,190717202043,"humidity","190717","202043",2017-07-21 20:20:43,417
"418",0.261044174432755,"Low",NA,NA,NA,NA,190717202044,"ultraviolet","190717","202044",2017-07-21 20:20:44,418
"419",0.218206152319908,"Low",NA,NA,NA,NA,190717202045,"ultraviolet","190717","202045",2017-07-21 20:20:45,419
"420",NA,NA,98473.75,239.625,45.625,NA,190717202047,"pressure_temperature","190717","202047",2017-07-21 20:20:47,420
"421",NA,NA,NA,NA,NA,75.8808135986328,190717202048,"humidity","190717","202048",2017-07-21 20:20:48,421
"422",0.282463192939758,"Low",NA,NA,NA,NA,190717202048,"ultraviolet","190717","202048",2017-07-21 20:20:48,422
"423",0.282463192939758,"Low",NA,NA,NA,NA,190717202050,"ultraviolet","190717","202050",2017-07-21 20:20:50,423
"424",0.376171350479126,"Low",NA,NA,NA,NA,190717202052,"ultraviolet","190717","202052",2017-07-21 20:20:52,424
"425",NA,NA,98454.5,241.875,45.625,NA,190717202052,"pressure_temperature","190717","202052",2017-07-21 20:20:52,425
"426",NA,NA,NA,NA,NA,75.7522735595703,190717202052,"humidity","190717","202052",2017-07-21 20:20:52,426
"427",0.799196779727936,"Low",NA,NA,NA,NA,190717202054,"ultraviolet","190717","202054",2017-07-21 20:20:54,427
"428",0.88085675239563,"Low",NA,NA,NA,NA,190717202055,"ultraviolet","190717","202055",2017-07-21 20:20:55,428
"429",NA,NA,98464.75,240.8125,45.75,NA,190717202057,"pressure_temperature","190717","202057",2017-07-21 20:20:57,429
"430",NA,NA,NA,NA,NA,29.8724975585938,190717202058,"humidity","190717","202058",2017-07-21 20:20:58,430
"431",0.934404253959656,"Low",NA,NA,NA,NA,190717202058,"ultraviolet","190717","202058",2017-07-21 20:20:58,431
"432",0.609103083610535,"Low",NA,NA,NA,NA,190717202100,"ultraviolet","190717","202100",2017-07-21 20:21:00,432
